DROP DATABASE IF EXISTS BD_DAVID;
CREATE DATABASE BD_DAVID;
USE BD_DAVID;

-- ----------------------------------------------
-- ----------------- PRODUCTO -------------------
-- ----------------------------------------------

CREATE TABLE PRODUCTO(
PRODUCTO VARCHAR(100) NOT NULL,
COLOR VARCHAR(50) NOT NULL,
DESCRIPCION VARCHAR(100),
PRIMARY KEY( PRODUCTO ));

INSERT INTO PRODUCTO( PRODUCTO , COLOR ) VALUES( 'MSCI' , 'rgba( 19 , 6 , 120 , 1 )' );       -- AzulMarino
INSERT INTO PRODUCTO( PRODUCTO , COLOR ) VALUES( 'Bono' , 'rgba( 120 , 3 , 138 , 1 )' );        -- Violeta
INSERT INTO PRODUCTO( PRODUCTO , COLOR ) VALUES( 'Acciones Europa' , 'rgba( 7 , 181 , 42 , 1 )' );     -- VerdeEsmeralda
INSERT INTO PRODUCTO( PRODUCTO , COLOR ) VALUES( 'Acciones EEUU' , 'rgba( 138 , 122 , 3 , 1 )' );  -- Dorado
INSERT INTO PRODUCTO( PRODUCTO , COLOR ) VALUES( 'REIT' , 'rgba( 97 , 23 , 2 , 1 )' );          -- Marron

-- ----------------------------------------------
-- ---------------- ESTRATEGIA ------------------
-- ----------------------------------------------

CREATE TABLE ESTRATEGIA(
ESTRATEGIA VARCHAR(30) NOT NULL,
COLOR VARCHAR(50) NOT NULL,
DESCRIPCION VARCHAR(100),
PRIMARY KEY( ESTRATEGIA ));

INSERT INTO ESTRATEGIA( ESTRATEGIA , COLOR ) VALUES( 'BogleHead' , 'rgba( 19 , 6 , 120 , 1 )' );       -- AzulMarino
INSERT INTO ESTRATEGIA( ESTRATEGIA , COLOR ) VALUES( 'Grow' , 'rgba( 120 , 3 , 138 , 1 )' );        -- Violeta
INSERT INTO ESTRATEGIA( ESTRATEGIA , COLOR ) VALUES( 'DGI' , 'rgba( 7 , 181 , 42 , 1 )' );     -- VerdeEsmeralda
INSERT INTO ESTRATEGIA( ESTRATEGIA , COLOR ) VALUES( 'CarteraPermanente' , 'rgba( 138 , 122 , 3 , 1 )' );  -- Dorado

-- ----------------------------------------------
-- ------------------ ACTIVO --------------------
-- ----------------------------------------------

CREATE TABLE ACTIVO(
ISIN VARCHAR(30) NOT NULL,
TIPO_PRODUCTO VARCHAR(30) NOT NULL,
TIPO_EMISOR VARCHAR(30) NOT NULL,
FUENTE VARCHAR(100) NOT NULL,
LINK VARCHAR(100) NOT NULL,
MONEDA VARCHAR(3) NOT NULL,
DESCRIPCION VARCHAR(100),
COLOR VARCHAR(50) NOT NULL,
PRECIO FLOAT,
PRODUCTO VARCHAR(30) NOT NULL,
ESTRATEGIA VARCHAR(30) NOT NULL,
PRIMARY KEY( ISIN ));

ALTER TABLE ACTIVO
ADD CONSTRAINT activo_producto FOREIGN KEY(PRODUCTO) REFERENCES PRODUCTO(PRODUCTO) ON DELETE CASCADE,
ADD CONSTRAINT activo_estrategia FOREIGN KEY(ESTRATEGIA) REFERENCES ESTRATEGIA(ESTRATEGIA) ON DELETE CASCADE;

-- Vanguard Global Stoks Index Fund Acumulation
INSERT INTO ACTIVO( ISIN , TIPO_PRODUCTO , TIPO_EMISOR , FUENTE , LINK , MONEDA , PRODUCTO , ESTRATEGIA , DESCRIPCION , COLOR ) VALUES( 'IE00B03HD191' , 'Fondo' , 'Vanguard' , 'YahooFinance' , '0P00000WLG.F' , 'EUR' , 'MSCI' , 'BogleHead' , 'Vanguard Global Stoks Index Fund Acumulation' , 'rgba( 19 , 6 , 120 , 1 )' );       -- AzulMarino
INSERT INTO ACTIVO( ISIN , TIPO_PRODUCTO , TIPO_EMISOR , FUENTE , LINK , MONEDA , PRODUCTO , ESTRATEGIA , DESCRIPCION , COLOR ) VALUES( 'IE00BFPM9N11' , 'Fondo' , 'Vanguard' , 'YahooFinance' , '0P00011HBM.F' , 'EUR' , 'MSCI' , 'BogleHead' , 'Vanguard Global Stoks Index Fund Acumulation Institucional' , 'rgba( 19 , 6 , 120 , 1 )' );       -- AzulMarino
-- iShares Core MSCI World UCITS ETF USD
INSERT INTO ACTIVO( ISIN , TIPO_PRODUCTO , TIPO_EMISOR , FUENTE , LINK , MONEDA , PRODUCTO , ESTRATEGIA , DESCRIPCION , COLOR ) VALUES( 'IE00B4L5Y983' , 'ETF' , 'iShares' , 'YahooFinance' , 'IWDA.L' , 'USD' , 'MSCI' , 'BogleHead' , 'iShares Core MSCI World UCITS ETF USD' , 'rgba( 120 , 3 , 138 , 1 )' );        -- Violeta
INSERT INTO ACTIVO( ISIN , TIPO_PRODUCTO , TIPO_EMISOR , FUENTE , LINK , MONEDA , PRODUCTO , ESTRATEGIA , DESCRIPCION , COLOR ) VALUES( 'IE00B4L5YC18' , 'ETF' , 'iShares' , 'YahooFinance' , 'IEMA.L' , 'USD' , 'MSCI' , 'BogleHead' , 'iShares Core MSCI EM UCITS ETF USD' ,  'rgba( 2 , 199 , 166 , 1 )' ); -- AzulVerdoso
-- Vanguard Global Bonds Index Fund Acumulation
INSERT INTO ACTIVO( ISIN , TIPO_PRODUCTO , TIPO_EMISOR , FUENTE , LINK , MONEDA , PRODUCTO , ESTRATEGIA , DESCRIPCION , COLOR ) VALUES( 'IE00B18GC888' , 'Fondo' , 'Vanguard' , 'YahooFinance' , '0P00012I69.F' , 'EUR' , 'Bono' , 'BogleHead' , 'Vanguard Global Bonds Index Fund Acumulation' , 'rgba( 7 , 181 , 42 , 1 )' );     -- VerdeEsmeralda
INSERT INTO ACTIVO( ISIN , TIPO_PRODUCTO , TIPO_EMISOR , FUENTE , LINK , MONEDA , PRODUCTO , ESTRATEGIA , DESCRIPCION , COLOR ) VALUES( 'IE00BGCZ0B53' , 'Fondo' , 'Vanguard' , 'YahooFinance' , '0P00012I6E.F' , 'EUR' , 'Bono' , 'BogleHead' , 'Vanguard Global Bonds Index Fund Acumulation Institucional' , 'rgba( 7 , 181 , 42 , 1 )' );     -- VerdeEsmeralda
-- Empresas
INSERT INTO ACTIVO( ISIN , TIPO_PRODUCTO , TIPO_EMISOR , FUENTE , LINK , MONEDA , PRODUCTO , ESTRATEGIA , DESCRIPCION , COLOR ) VALUES( 'ITX' , 'Accion' , 'Vanguard' , 'YahooFinance' , 'ITX.MC' , 'EUR' , 'Acciones Europa' , 'DGI' , 'Industria de Diseño Textil' , 'rgba( 138 , 122 , 3 , 1 )' );  -- Dorado
INSERT INTO ACTIVO( ISIN , TIPO_PRODUCTO , TIPO_EMISOR , FUENTE , LINK , MONEDA , PRODUCTO , ESTRATEGIA , DESCRIPCION , COLOR ) VALUES( 'AAPL' , 'Accion' , 'Vanguard' , 'YahooFinance' , 'AAPL' , 'USD' , 'Acciones EEUU' , 'DGI' , 'Apple' ,  'rgba( 192 , 192 , 192 , 1 )' ); -- Plateado
INSERT INTO ACTIVO( ISIN , TIPO_PRODUCTO , TIPO_EMISOR , FUENTE , LINK , MONEDA , PRODUCTO , ESTRATEGIA , DESCRIPCION , COLOR ) VALUES( 'MSFT' , 'Accion' , 'Vanguard' , 'YahooFinance' , 'MSFT' , 'USD' , 'Acciones EEUU' , 'DGI' , 'Microsoft' ,  'rgba( 0 , 255 , 255 , 1 )' ); -- Aqua

-- ----------------------------------------------
-- ---------------- CATEGORIA -------------------
-- ----------------------------------------------

CREATE TABLE CATEGORIA(
CATEGORIA VARCHAR(30) NOT NULL,
COLOR VARCHAR(50) NOT NULL,
DESCRIPCION VARCHAR(100),
PRIMARY KEY( CATEGORIA ));

-- -------------- CATEGORIZACION -----------------

CREATE TABLE CATEGORIZACION(
ISIN VARCHAR(30) NOT NULL,
CATEGORIA VARCHAR(50) NOT NULL,
PRIMARY KEY( ISIN , CATEGORIA ));

ALTER TABLE CATEGORIZACION
ADD CONSTRAINT categorizacion_isin FOREIGN KEY(ISIN) REFERENCES ACTIVO(ISIN) ON DELETE CASCADE,
ADD CONSTRAINT categorizacion_categoria FOREIGN KEY(CATEGORIA) REFERENCES CATEGORIA(CATEGORIA) ON DELETE CASCADE;

-- ----------------------------------------------
-- --------------- CLASIFICACION ----------------
-- ----------------------------------------------

CREATE TABLE CLASIFICACION(
CLASIFICACION VARCHAR(30) NOT NULL,
COLOR VARCHAR(50) NOT NULL,
DESCRIPCION VARCHAR(100),
PRIMARY KEY( CLASIFICACION ));

CREATE TABLE SUBCLASIFICACION(
SUBCLASIFICACION VARCHAR(30) NOT NULL,
CLASIFICACION VARCHAR(30) NOT NULL,
PRIMARY KEY( SUBCLASIFICACION ));

ALTER TABLE SUBCLASIFICACION
ADD CONSTRAINT subclasificacion_clasificacion FOREIGN KEY(CLASIFICACION) REFERENCES CLASIFICACION(CLASIFICACION) ON DELETE CASCADE;

-- Caprichos
INSERT INTO CLASIFICACION( CLASIFICACION , COLOR ) VALUES ( 'Caprichos' ,  'rgba( 217 , 237 , 0 , 1 )' ); -- Amarillo
INSERT INTO SUBCLASIFICACION( CLASIFICACION , SUBCLASIFICACION ) VALUES ( 'Caprichos' , 'G2A' );
INSERT INTO SUBCLASIFICACION( CLASIFICACION , SUBCLASIFICACION ) VALUES ( 'Caprichos' , 'GAME' );
INSERT INTO SUBCLASIFICACION( CLASIFICACION , SUBCLASIFICACION ) VALUES ( 'Caprichos' , 'HumbleBumble' );
INSERT INTO SUBCLASIFICACION( CLASIFICACION , SUBCLASIFICACION ) VALUES ( 'Caprichos' , 'IG' );
INSERT INTO SUBCLASIFICACION( CLASIFICACION , SUBCLASIFICACION ) VALUES ( 'Caprichos' , 'LolaMarket' );
INSERT INTO SUBCLASIFICACION( CLASIFICACION , SUBCLASIFICACION ) VALUES ( 'Caprichos' , 'Mojang' );
INSERT INTO SUBCLASIFICACION( CLASIFICACION , SUBCLASIFICACION ) VALUES ( 'Caprichos' , 'Steam' );
INSERT INTO SUBCLASIFICACION( CLASIFICACION , SUBCLASIFICACION ) VALUES ( 'Caprichos' , 'SuperCell' );

-- Compras
INSERT INTO CLASIFICACION( CLASIFICACION , COLOR ) VALUES ( 'Compras' ,  'rgba( 2 , 199 , 166 , 1 )' ); -- AzulVerdoso
INSERT INTO SUBCLASIFICACION( CLASIFICACION , SUBCLASIFICACION ) VALUES ( 'Compras' , 'Movil' );
INSERT INTO SUBCLASIFICACION( CLASIFICACION , SUBCLASIFICACION ) VALUES ( 'Compras' , 'Muebles' );
INSERT INTO SUBCLASIFICACION( CLASIFICACION , SUBCLASIFICACION ) VALUES ( 'Compras' , 'Ordenador' );
INSERT INTO SUBCLASIFICACION( CLASIFICACION , SUBCLASIFICACION ) VALUES ( 'Compras' , 'Ropa' );

-- Estudios
INSERT INTO CLASIFICACION( CLASIFICACION , COLOR ) VALUES ( 'Estudios' ,  'rgba( 173 , 3 , 88 , 1 )' ); -- Fuxia
INSERT INTO SUBCLASIFICACION( CLASIFICACION , SUBCLASIFICACION ) VALUES ( 'Estudios' , 'EHU' );
INSERT INTO SUBCLASIFICACION( CLASIFICACION , SUBCLASIFICACION ) VALUES ( 'Estudios' , 'EmprendeAprendiendo' );
INSERT INTO SUBCLASIFICACION( CLASIFICACION , SUBCLASIFICACION ) VALUES ( 'Estudios' , 'Udemy' );
INSERT INTO SUBCLASIFICACION( CLASIFICACION , SUBCLASIFICACION ) VALUES ( 'Estudios' , 'UPV' );

-- Facturas
INSERT INTO CLASIFICACION( CLASIFICACION , COLOR ) VALUES ( 'Facturas' ,  'rgba( 0 , 98 , 173 , 1 )' );  -- Azul
INSERT INTO SUBCLASIFICACION( CLASIFICACION , SUBCLASIFICACION ) VALUES ( 'Facturas' , 'Luz' );
INSERT INTO SUBCLASIFICACION( CLASIFICACION , SUBCLASIFICACION ) VALUES ( 'Facturas' , 'Nuve' );

-- Gastos
INSERT INTO CLASIFICACION( CLASIFICACION , COLOR ) VALUES ( 'Gastos' ,  'rgba( 2 , 186 , 199 , 1 )' );   -- AzulCeleste
INSERT INTO SUBCLASIFICACION( CLASIFICACION , SUBCLASIFICACION ) VALUES ( 'Gastos' , 'Comida' );
INSERT INTO SUBCLASIFICACION( CLASIFICACION , SUBCLASIFICACION ) VALUES ( 'Gastos' , 'Correos' );
INSERT INTO SUBCLASIFICACION( CLASIFICACION , SUBCLASIFICACION ) VALUES ( 'Gastos' , 'Deporte' );
INSERT INTO SUBCLASIFICACION( CLASIFICACION , SUBCLASIFICACION ) VALUES ( 'Gastos' , 'Deuda' );
INSERT INTO SUBCLASIFICACION( CLASIFICACION , SUBCLASIFICACION ) VALUES ( 'Gastos' , 'Farmacia' );
INSERT INTO SUBCLASIFICACION( CLASIFICACION , SUBCLASIFICACION ) VALUES ( 'Gastos' , 'Peluqueria' );
INSERT INTO SUBCLASIFICACION( CLASIFICACION , SUBCLASIFICACION ) VALUES ( 'Gastos' , 'Reprografia' );
INSERT INTO SUBCLASIFICACION( CLASIFICACION , SUBCLASIFICACION ) VALUES ( 'Gastos' , 'Vivienda' );

-- Ocio
INSERT INTO CLASIFICACION( CLASIFICACION , COLOR ) VALUES ( 'Ocio' ,  'rgba( 150 , 224 , 0  , 1 )' );   -- VerdeLima
INSERT INTO SUBCLASIFICACION( CLASIFICACION , SUBCLASIFICACION ) VALUES ( 'Ocio' , 'Atracciones' );
INSERT INTO SUBCLASIFICACION( CLASIFICACION , SUBCLASIFICACION ) VALUES ( 'Ocio' , 'Billar' );
INSERT INTO SUBCLASIFICACION( CLASIFICACION , SUBCLASIFICACION ) VALUES ( 'Ocio' , 'Bolera' );
INSERT INTO SUBCLASIFICACION( CLASIFICACION , SUBCLASIFICACION ) VALUES ( 'Ocio' , 'Cine' );
INSERT INTO SUBCLASIFICACION( CLASIFICACION , SUBCLASIFICACION ) VALUES ( 'Ocio' , 'ComidaCena' );
INSERT INTO SUBCLASIFICACION( CLASIFICACION , SUBCLASIFICACION ) VALUES ( 'Ocio' , 'Concierto' );
INSERT INTO SUBCLASIFICACION( CLASIFICACION , SUBCLASIFICACION ) VALUES ( 'Ocio' , 'Discoteca' );
INSERT INTO SUBCLASIFICACION( CLASIFICACION , SUBCLASIFICACION ) VALUES ( 'Ocio' , 'DreamHack' );
INSERT INTO SUBCLASIFICACION( CLASIFICACION , SUBCLASIFICACION ) VALUES ( 'Ocio' , 'Museo' );
INSERT INTO SUBCLASIFICACION( CLASIFICACION , SUBCLASIFICACION ) VALUES ( 'Ocio' , 'Server' );

-- Regalos
INSERT INTO CLASIFICACION( CLASIFICACION , COLOR ) VALUES ( 'Regalos' ,  'rgba( 138 , 122 , 3 , 1 )' ); -- Dorado
INSERT INTO SUBCLASIFICACION( CLASIFICACION , SUBCLASIFICACION ) VALUES ( 'Regalos' , 'Abuela' );
INSERT INTO SUBCLASIFICACION( CLASIFICACION , SUBCLASIFICACION ) VALUES ( 'Regalos' , 'Alvarito' );
INSERT INTO SUBCLASIFICACION( CLASIFICACION , SUBCLASIFICACION ) VALUES ( 'Regalos' , 'ElPadrino' );
INSERT INTO SUBCLASIFICACION( CLASIFICACION , SUBCLASIFICACION ) VALUES ( 'Regalos' , 'Mama' );
INSERT INTO SUBCLASIFICACION( CLASIFICACION , SUBCLASIFICACION ) VALUES ( 'Regalos' , 'Papa' );
INSERT INTO SUBCLASIFICACION( CLASIFICACION , SUBCLASIFICACION ) VALUES ( 'Regalos' , 'Sstella' );
INSERT INTO SUBCLASIFICACION( CLASIFICACION , SUBCLASIFICACION ) VALUES ( 'Regalos' , 'TioPablo' );
INSERT INTO SUBCLASIFICACION( CLASIFICACION , SUBCLASIFICACION ) VALUES ( 'Regalos' , 'Visent' );

-- Salario
INSERT INTO CLASIFICACION( CLASIFICACION , COLOR ) VALUES ( 'Salario' ,  'rgba( 255 , 255 , 255 , 1 )' ); -- Blanco
INSERT INTO SUBCLASIFICACION( CLASIFICACION , SUBCLASIFICACION ) VALUES ( 'Salario' , 'HospitalRibera' );
INSERT INTO SUBCLASIFICACION( CLASIFICACION , SUBCLASIFICACION ) VALUES ( 'Salario' , 'Informance' );
INSERT INTO SUBCLASIFICACION( CLASIFICACION , SUBCLASIFICACION ) VALUES ( 'Salario' , 'Pension' );

-- Salud
INSERT INTO CLASIFICACION( CLASIFICACION , COLOR ) VALUES ( 'Salud' ,  'rgba( 119 , 0 , 237 , 1 )' ); -- VioletaOscuro
INSERT INTO SUBCLASIFICACION( CLASIFICACION , SUBCLASIFICACION ) VALUES ( 'Salud' , 'Dentista' );
INSERT INTO SUBCLASIFICACION( CLASIFICACION , SUBCLASIFICACION ) VALUES ( 'Salud' , 'Vacuna' );

-- Transporte
INSERT INTO CLASIFICACION( CLASIFICACION , COLOR ) VALUES ( 'Transporte' ,  'rgba( 2 , 199 , 94 , 1 )' ); -- VerdeAzulado
INSERT INTO SUBCLASIFICACION( CLASIFICACION , SUBCLASIFICACION ) VALUES ( 'Transporte' , 'Autobus' );
INSERT INTO SUBCLASIFICACION( CLASIFICACION , SUBCLASIFICACION ) VALUES ( 'Transporte' , 'BlaBla' );
INSERT INTO SUBCLASIFICACION( CLASIFICACION , SUBCLASIFICACION ) VALUES ( 'Transporte' , 'Coche' );
INSERT INTO SUBCLASIFICACION( CLASIFICACION , SUBCLASIFICACION ) VALUES ( 'Transporte' , 'Metro' );
INSERT INTO SUBCLASIFICACION( CLASIFICACION , SUBCLASIFICACION ) VALUES ( 'Transporte' , 'Tren' );

-- Viajes
INSERT INTO CLASIFICACION( CLASIFICACION , COLOR ) VALUES ( 'Viajes' ,  'rgba( 7 , 181 , 42 , 1 )' );  -- VerdeEsmeralda
INSERT INTO SUBCLASIFICACION( CLASIFICACION , SUBCLASIFICACION ) VALUES ( 'Viajes' , 'Amigos' );
INSERT INTO SUBCLASIFICACION( CLASIFICACION , SUBCLASIFICACION ) VALUES ( 'Viajes' , 'Familia' );
INSERT INTO SUBCLASIFICACION( CLASIFICACION , SUBCLASIFICACION ) VALUES ( 'Viajes' , 'Pareja' );

-- Vivienda
INSERT INTO CLASIFICACION( CLASIFICACION , COLOR ) VALUES ( 'Vivienda' ,  'rgba( 0 , 12 , 173 , 1 )' ); -- Azulmarino
INSERT INTO SUBCLASIFICACION( CLASIFICACION , SUBCLASIFICACION ) VALUES ( 'Vivienda' , 'Alquiler' );

-- Multas
INSERT INTO CLASIFICACION( CLASIFICACION , COLOR ) VALUES ( 'Multas' , 'rgba( 179 , 116 , 0 , 1 )' );   -- Naranja
INSERT INTO SUBCLASIFICACION( CLASIFICACION , SUBCLASIFICACION ) VALUES ( 'Multas' , 'Trafico' );

-- Apuestas
INSERT INTO CLASIFICACION( CLASIFICACION , COLOR ) VALUES ( 'Apuestas' , 'rgba( 179 , 36 , 0 , 1 )' ); -- Rojo
INSERT INTO SUBCLASIFICACION( CLASIFICACION , SUBCLASIFICACION ) VALUES ( 'Apuestas' , 'Juego' );

-- ----------------------------------------------
-- ---------------- ALLOCATION ------------------
-- ----------------------------------------------

CREATE TABLE ALLOCATION(
ALLOCATION VARCHAR(30) NOT NULL,
DESCRIPCION VARCHAR(100),
PRIMARY KEY( ALLOCATION ));

CREATE TABLE SUBALLOCATION(
SUBALLOCATION VARCHAR(30) NOT NULL,
COLOR VARCHAR(50) NOT NULL,
ALLOCATION VARCHAR(30) NOT NULL,
PRIMARY KEY( SUBALLOCATION ));

ALTER TABLE SUBALLOCATION
ADD CONSTRAINT suballocation_allocation FOREIGN KEY(ALLOCATION) REFERENCES ALLOCATION(ALLOCATION) ON DELETE CASCADE;

-- Composicion
INSERT INTO ALLOCATION( ALLOCATION ) VALUES ( 'Composicion' );
INSERT INTO SUBALLOCATION( ALLOCATION , SUBALLOCATION , COLOR ) VALUES( 'Composicion' , 'Efectivo' , 'rgba( 7 , 181 , 42 , 1 )' );       -- VerdeEsmeralda
INSERT INTO SUBALLOCATION( ALLOCATION , SUBALLOCATION , COLOR ) VALUES( 'Composicion' , 'Renta Fija' , 'rgba( 0 , 148 , 20 , 1 )' );     -- VerdeOscuro
INSERT INTO SUBALLOCATION( ALLOCATION , SUBALLOCATION , COLOR ) VALUES( 'Composicion' , 'Renta Variable' , 'rgba( 19 , 6 , 120 , 1 )' ); -- AzulMarino
INSERT INTO SUBALLOCATION( ALLOCATION , SUBALLOCATION , COLOR ) VALUES( 'Composicion' , 'Commodities' , 'rgba( 138 , 122 , 3 , 1 )' );   -- Dorado
INSERT INTO SUBALLOCATION( ALLOCATION , SUBALLOCATION , COLOR ) VALUES( 'Composicion' , 'Real State' , 'rgba( 120 , 3 , 138 , 1 )' );    -- Violeta

-- Region
INSERT INTO ALLOCATION( ALLOCATION ) VALUES ( 'Region' );
INSERT INTO SUBALLOCATION( ALLOCATION , SUBALLOCATION , COLOR ) VALUES( 'Region' , 'Estados Unidos' , 'rgba( 19 , 6 , 120 , 1 )' );    -- AzulMarino
INSERT INTO SUBALLOCATION( ALLOCATION , SUBALLOCATION , COLOR ) VALUES( 'Region' , 'Canada'         , 'rgba( 230 , 0 , 0 , 1 )' );     -- Rojo
INSERT INTO SUBALLOCATION( ALLOCATION , SUBALLOCATION , COLOR ) VALUES( 'Region' , 'Latino America' , 'rgba( 0 , 148 , 20 , 1 )' );    -- VerdeOscuro
INSERT INTO SUBALLOCATION( ALLOCATION , SUBALLOCATION , COLOR ) VALUES( 'Region' , 'Reino Unido'    , 'rgba( 120 , 3 , 138 , 1 )' );   -- Violeta
INSERT INTO SUBALLOCATION( ALLOCATION , SUBALLOCATION , COLOR ) VALUES( 'Region' , 'Europa'         , 'rgba( 52 , 215 , 247 , 1 )' );  -- AzulCeleste
INSERT INTO SUBALLOCATION( ALLOCATION , SUBALLOCATION , COLOR ) VALUES( 'Region' , 'Africa'         , 'rgba( 230 , 174 , 44 , 1 )' );  -- Naranja
INSERT INTO SUBALLOCATION( ALLOCATION , SUBALLOCATION , COLOR ) VALUES( 'Region' , 'Oriente Medio'  , 'rgba( 230 , 227 , 44 , 1 )' );  -- Amarillo
INSERT INTO SUBALLOCATION( ALLOCATION , SUBALLOCATION , COLOR ) VALUES( 'Region' , 'Japon'          , 'rgba( 148 , 142 , 132 , 1 )' ); -- Plateado
INSERT INTO SUBALLOCATION( ALLOCATION , SUBALLOCATION , COLOR ) VALUES( 'Region' , 'Australia'      , 'rgba( 138 , 122 , 3 , 1 )' );   -- Dorado
INSERT INTO SUBALLOCATION( ALLOCATION , SUBALLOCATION , COLOR ) VALUES( 'Region' , 'Asia'           , 'rgba( 252 , 251 , 247 , 1 )' ); -- Blanco

-- Sector
INSERT INTO ALLOCATION( ALLOCATION ) VALUES ( 'Sector' );
INSERT INTO SUBALLOCATION( ALLOCATION , SUBALLOCATION , COLOR ) VALUES( 'Sector' , 'Materias Primas'  , 'rgba( 19 , 6 , 120 , 1 )' );    -- AzulMarino
INSERT INTO SUBALLOCATION( ALLOCATION , SUBALLOCATION , COLOR ) VALUES( 'Sector' , 'Consumo'          , 'rgba( 230 , 0 , 0 , 1 )' );     -- Rojo
INSERT INTO SUBALLOCATION( ALLOCATION , SUBALLOCATION , COLOR ) VALUES( 'Sector' , 'Financiero'       , 'rgba( 0 , 148 , 20 , 1 )' );    -- VerdeOscuro
INSERT INTO SUBALLOCATION( ALLOCATION , SUBALLOCATION , COLOR ) VALUES( 'Sector' , 'Inmoviliario'     , 'rgba( 120 , 3 , 138 , 1 )' );   -- Violeta
INSERT INTO SUBALLOCATION( ALLOCATION , SUBALLOCATION , COLOR ) VALUES( 'Sector' , 'Salud'            , 'rgba( 230 , 174 , 44 , 1 )' );  -- Naranja
INSERT INTO SUBALLOCATION( ALLOCATION , SUBALLOCATION , COLOR ) VALUES( 'Sector' , 'Servivicios'      , 'rgba( 230 , 227 , 44 , 1 )' );  -- Amarillo
INSERT INTO SUBALLOCATION( ALLOCATION , SUBALLOCATION , COLOR ) VALUES( 'Sector' , 'Comunicacion'     , 'rgba( 148 , 142 , 132 , 1 )' ); -- Plateado
INSERT INTO SUBALLOCATION( ALLOCATION , SUBALLOCATION , COLOR ) VALUES( 'Sector' , 'Energia'          , 'rgba( 138 , 122 , 3 , 1 )' );   -- Dorado
INSERT INTO SUBALLOCATION( ALLOCATION , SUBALLOCATION , COLOR ) VALUES( 'Sector' , 'Industria'        , 'rgba( 252 , 251 , 247 , 1 )' ); -- Blanco
INSERT INTO SUBALLOCATION( ALLOCATION , SUBALLOCATION , COLOR ) VALUES( 'Sector' , 'Tecnologia'       , 'rgba( 79 , 179 , 155 , 1 )' );  -- VerdeAzulado

-- Capitalizacion
INSERT INTO ALLOCATION( ALLOCATION ) VALUES ( 'Capitalizacion' );
INSERT INTO SUBALLOCATION( ALLOCATION , SUBALLOCATION , COLOR ) VALUES( 'Capitalizacion' , 'Gigante' , 'rgba( 19 , 6 , 120 , 1 )' );     -- AzulMarino
INSERT INTO SUBALLOCATION( ALLOCATION , SUBALLOCATION , COLOR ) VALUES( 'Capitalizacion' , 'Grande'  , 'rgba( 230 , 0 , 0 , 1 )' );      -- Rojo
INSERT INTO SUBALLOCATION( ALLOCATION , SUBALLOCATION , COLOR ) VALUES( 'Capitalizacion' , 'Mediano' , 'rgba( 0 , 148 , 20 , 1 )' );     -- VerdeOscuro
INSERT INTO SUBALLOCATION( ALLOCATION , SUBALLOCATION , COLOR ) VALUES( 'Capitalizacion' , 'Pequeño' , 'rgba( 120 , 3 , 138 , 1 )' );    -- Violeta
INSERT INTO SUBALLOCATION( ALLOCATION , SUBALLOCATION , COLOR ) VALUES( 'Capitalizacion' , 'Micro'   , 'rgba( 52 , 215 , 247 , 1 )' );   -- AzulCeleste

-- Vencimiento
INSERT INTO ALLOCATION( ALLOCATION ) VALUES ( 'Vencimiento' );
INSERT INTO SUBALLOCATION( ALLOCATION , SUBALLOCATION , COLOR ) VALUES( 'Vencimiento' , '1 a 3'     , 'rgba( 19 , 6 , 120 , 1 )' );     -- AzulMarino
INSERT INTO SUBALLOCATION( ALLOCATION , SUBALLOCATION , COLOR ) VALUES( 'Vencimiento' , '3 a 5'     , 'rgba( 230 , 0 , 0 , 1 )' );      -- Rojo
INSERT INTO SUBALLOCATION( ALLOCATION , SUBALLOCATION , COLOR ) VALUES( 'Vencimiento' , '5 a 7'     , 'rgba( 0 , 148 , 20 , 1 )' );     -- VerdeOscuro
INSERT INTO SUBALLOCATION( ALLOCATION , SUBALLOCATION , COLOR ) VALUES( 'Vencimiento' , '7 a 10'    , 'rgba( 120 , 3 , 138 , 1 )' );    -- Violeta
INSERT INTO SUBALLOCATION( ALLOCATION , SUBALLOCATION , COLOR ) VALUES( 'Vencimiento' , '10 a 15'   , 'rgba( 52 , 215 , 247 , 1 )' );   -- AzulCeleste
INSERT INTO SUBALLOCATION( ALLOCATION , SUBALLOCATION , COLOR ) VALUES( 'Vencimiento' , '15 a 20'   , 'rgba( 230 , 174 , 44 , 1 )' );   -- Naranja
INSERT INTO SUBALLOCATION( ALLOCATION , SUBALLOCATION , COLOR ) VALUES( 'Vencimiento' , '20 a 30'   , 'rgba( 230 , 227 , 44 , 1 )' );   -- Amarillo
INSERT INTO SUBALLOCATION( ALLOCATION , SUBALLOCATION , COLOR ) VALUES( 'Vencimiento' , 'mas de 30' , 'rgba( 148 , 142 , 132 , 1 )' );  -- Plateado

-- Calidad crediticia
INSERT INTO ALLOCATION( ALLOCATION ) VALUES ( 'Calidad' );
INSERT INTO SUBALLOCATION( ALLOCATION , SUBALLOCATION , COLOR ) VALUES( 'Calidad' , 'AAA'     , 'rgba( 19 , 6 , 120 , 1 )' );     -- AzulMarino
INSERT INTO SUBALLOCATION( ALLOCATION , SUBALLOCATION , COLOR ) VALUES( 'Calidad' , 'AA'      , 'rgba( 230 , 0 , 0 , 1 )' );      -- Rojo
INSERT INTO SUBALLOCATION( ALLOCATION , SUBALLOCATION , COLOR ) VALUES( 'Calidad' , 'A'       , 'rgba( 0 , 148 , 20 , 1 )' );     -- VerdeOscuro
INSERT INTO SUBALLOCATION( ALLOCATION , SUBALLOCATION , COLOR ) VALUES( 'Calidad' , 'B'       , 'rgba( 120 , 3 , 138 , 1 )' );    -- Violeta
INSERT INTO SUBALLOCATION( ALLOCATION , SUBALLOCATION , COLOR ) VALUES( 'Calidad' , 'BB'      , 'rgba( 52 , 215 , 247 , 1 )' );   -- AzulCeleste
INSERT INTO SUBALLOCATION( ALLOCATION , SUBALLOCATION , COLOR ) VALUES( 'Calidad' , 'BBB'     , 'rgba( 230 , 174 , 44 , 1 )' );   -- Naranja
INSERT INTO SUBALLOCATION( ALLOCATION , SUBALLOCATION , COLOR ) VALUES( 'Calidad' , 'Ninguna' , 'rgba( 230 , 227 , 44 , 1 )' );   -- Amarillo

-- Entidad emisora
INSERT INTO ALLOCATION( ALLOCATION ) VALUES ( 'Entidad' );
INSERT INTO SUBALLOCATION( ALLOCATION , SUBALLOCATION , COLOR ) VALUES( 'Entidad' , 'Institucional' , 'rgba( 19 , 6 , 120 , 1 )' );  -- AzulMarino
INSERT INTO SUBALLOCATION( ALLOCATION , SUBALLOCATION , COLOR ) VALUES( 'Entidad' , 'Gurnamental'   , 'rgba( 230 , 0 , 0 , 1 )' );   -- Rojo

-- --------------- DISTRIBUCION -----------------

CREATE TABLE DISTRIBUCION(
ISIN VARCHAR(30) NOT NULL,
SUBALLOCATION VARCHAR(30) NOT NULL,
PORCENTAJE FLOAT NOT NULL,
PRIMARY KEY( ISIN , SUBALLOCATION ));

ALTER TABLE DISTRIBUCION
ADD CONSTRAINT distribucion_isin FOREIGN KEY(ISIN) REFERENCES ACTIVO(ISIN) ON DELETE CASCADE,
ADD CONSTRAINT distribucion_suballocation FOREIGN KEY(SUBALLOCATION) REFERENCES SUBALLOCATION(SUBALLOCATION) ON DELETE CASCADE;

-- Composicion

-- Vanguard Global Stoks Index Fund Acumulation 
INSERT INTO DISTRIBUCION( ISIN , SUBALLOCATION , PORCENTAJE ) VALUES( 'IE00B03HD191' , 'Efectivo' , 2 ); 
INSERT INTO DISTRIBUCION( ISIN , SUBALLOCATION , PORCENTAJE ) VALUES( 'IE00B03HD191' , 'Renta Fija' , 0 );   
INSERT INTO DISTRIBUCION( ISIN , SUBALLOCATION , PORCENTAJE ) VALUES( 'IE00B03HD191' , 'Renta Variable' , 98 ); 
INSERT INTO DISTRIBUCION( ISIN , SUBALLOCATION , PORCENTAJE ) VALUES( 'IE00B03HD191' , 'Commodities' , 0 );  
INSERT INTO DISTRIBUCION( ISIN , SUBALLOCATION , PORCENTAJE ) VALUES( 'IE00B03HD191' , 'Real State' , 0 );  

INSERT INTO DISTRIBUCION( ISIN , SUBALLOCATION , PORCENTAJE ) VALUES( 'IE00BFPM9N11' , 'Efectivo' , 2 ); 
INSERT INTO DISTRIBUCION( ISIN , SUBALLOCATION , PORCENTAJE ) VALUES( 'IE00BFPM9N11' , 'Renta Fija' , 0 );   
INSERT INTO DISTRIBUCION( ISIN , SUBALLOCATION , PORCENTAJE ) VALUES( 'IE00BFPM9N11' , 'Renta Variable' , 98 ); 
INSERT INTO DISTRIBUCION( ISIN , SUBALLOCATION , PORCENTAJE ) VALUES( 'IE00BFPM9N11' , 'Commodities' , 0 );  
INSERT INTO DISTRIBUCION( ISIN , SUBALLOCATION , PORCENTAJE ) VALUES( 'IE00BFPM9N11' , 'Real State' , 0 );

-- Vanguard Global Bonds Index Fund Acumulation
INSERT INTO DISTRIBUCION( ISIN , SUBALLOCATION , PORCENTAJE ) VALUES( 'IE00B18GC888' , 'Efectivo' , 2 ); 
INSERT INTO DISTRIBUCION( ISIN , SUBALLOCATION , PORCENTAJE ) VALUES( 'IE00B18GC888' , 'Renta Fija' , 98 );   
INSERT INTO DISTRIBUCION( ISIN , SUBALLOCATION , PORCENTAJE ) VALUES( 'IE00B18GC888' , 'Renta Variable' , 0 ); 
INSERT INTO DISTRIBUCION( ISIN , SUBALLOCATION , PORCENTAJE ) VALUES( 'IE00B18GC888' , 'Commodities' , 0 );  
INSERT INTO DISTRIBUCION( ISIN , SUBALLOCATION , PORCENTAJE ) VALUES( 'IE00B18GC888' , 'Real State' , 0 ); 

INSERT INTO DISTRIBUCION( ISIN , SUBALLOCATION , PORCENTAJE ) VALUES( 'IE00BGCZ0B53' , 'Efectivo' , 2 ); 
INSERT INTO DISTRIBUCION( ISIN , SUBALLOCATION , PORCENTAJE ) VALUES( 'IE00BGCZ0B53' , 'Renta Fija' , 98 );   
INSERT INTO DISTRIBUCION( ISIN , SUBALLOCATION , PORCENTAJE ) VALUES( 'IE00BGCZ0B53' , 'Renta Variable' , 0 ); 
INSERT INTO DISTRIBUCION( ISIN , SUBALLOCATION , PORCENTAJE ) VALUES( 'IE00BGCZ0B53' , 'Commodities' , 0 );  
INSERT INTO DISTRIBUCION( ISIN , SUBALLOCATION , PORCENTAJE ) VALUES( 'IE00BGCZ0B53' , 'Real State' , 0 );  

-- iShares Core MSCI World UCITS ETF USD
INSERT INTO DISTRIBUCION( ISIN , SUBALLOCATION , PORCENTAJE ) VALUES( 'IE00B4L5Y983' , 'Efectivo' , 2 ); 
INSERT INTO DISTRIBUCION( ISIN , SUBALLOCATION , PORCENTAJE ) VALUES( 'IE00B4L5Y983' , 'Renta Fija' , 0 );   
INSERT INTO DISTRIBUCION( ISIN , SUBALLOCATION , PORCENTAJE ) VALUES( 'IE00B4L5Y983' , 'Renta Variable' , 98 ); 
INSERT INTO DISTRIBUCION( ISIN , SUBALLOCATION , PORCENTAJE ) VALUES( 'IE00B4L5Y983' , 'Commodities' , 0 );  
INSERT INTO DISTRIBUCION( ISIN , SUBALLOCATION , PORCENTAJE ) VALUES( 'IE00B4L5Y983' , 'Real State' , 0 );

-- ITX
INSERT INTO DISTRIBUCION( ISIN , SUBALLOCATION , PORCENTAJE ) VALUES( 'ITX' , 'Efectivo' , 0 ); 
INSERT INTO DISTRIBUCION( ISIN , SUBALLOCATION , PORCENTAJE ) VALUES( 'ITX' , 'Renta Fija' , 0 );   
INSERT INTO DISTRIBUCION( ISIN , SUBALLOCATION , PORCENTAJE ) VALUES( 'ITX' , 'Renta Variable' , 100 ); 
INSERT INTO DISTRIBUCION( ISIN , SUBALLOCATION , PORCENTAJE ) VALUES( 'ITX' , 'Commodities' , 0 );  
INSERT INTO DISTRIBUCION( ISIN , SUBALLOCATION , PORCENTAJE ) VALUES( 'ITX' , 'Real State' , 0 );

-- AAPL
INSERT INTO DISTRIBUCION( ISIN , SUBALLOCATION , PORCENTAJE ) VALUES( 'AAPL' , 'Efectivo' , 0 ); 
INSERT INTO DISTRIBUCION( ISIN , SUBALLOCATION , PORCENTAJE ) VALUES( 'AAPL' , 'Renta Fija' , 0 );   
INSERT INTO DISTRIBUCION( ISIN , SUBALLOCATION , PORCENTAJE ) VALUES( 'AAPL' , 'Renta Variable' , 100 ); 
INSERT INTO DISTRIBUCION( ISIN , SUBALLOCATION , PORCENTAJE ) VALUES( 'AAPL' , 'Commodities' , 0 );  
INSERT INTO DISTRIBUCION( ISIN , SUBALLOCATION , PORCENTAJE ) VALUES( 'AAPL' , 'Real State' , 0 );

-- MSFT
INSERT INTO DISTRIBUCION( ISIN , SUBALLOCATION , PORCENTAJE ) VALUES( 'MSFT' , 'Efectivo' , 0 ); 
INSERT INTO DISTRIBUCION( ISIN , SUBALLOCATION , PORCENTAJE ) VALUES( 'MSFT' , 'Renta Fija' , 0 );   
INSERT INTO DISTRIBUCION( ISIN , SUBALLOCATION , PORCENTAJE ) VALUES( 'MSFT' , 'Renta Variable' , 100 ); 
INSERT INTO DISTRIBUCION( ISIN , SUBALLOCATION , PORCENTAJE ) VALUES( 'MSFT' , 'Commodities' , 0 );  
INSERT INTO DISTRIBUCION( ISIN , SUBALLOCATION , PORCENTAJE ) VALUES( 'MSFT' , 'Real State' , 0 );

-- Region

-- Vanguard Global Stoks Index Fund Acumulation
INSERT INTO DISTRIBUCION( ISIN , SUBALLOCATION , PORCENTAJE ) VALUES( 'IE00B03HD191' , 'Estados Unidos' , 65 );
INSERT INTO DISTRIBUCION( ISIN , SUBALLOCATION , PORCENTAJE ) VALUES( 'IE00B03HD191' , 'Canada' , 3 );
INSERT INTO DISTRIBUCION( ISIN , SUBALLOCATION , PORCENTAJE ) VALUES( 'IE00B03HD191' , 'Latino America' , 0 );
INSERT INTO DISTRIBUCION( ISIN , SUBALLOCATION , PORCENTAJE ) VALUES( 'IE00B03HD191' , 'Reino Unido' , 5 );
INSERT INTO DISTRIBUCION( ISIN , SUBALLOCATION , PORCENTAJE ) VALUES( 'IE00B03HD191' , 'Europa' , 15 );
INSERT INTO DISTRIBUCION( ISIN , SUBALLOCATION , PORCENTAJE ) VALUES( 'IE00B03HD191' , 'Africa' , 0 );
INSERT INTO DISTRIBUCION( ISIN , SUBALLOCATION , PORCENTAJE ) VALUES( 'IE00B03HD191' , 'Oriente Medio' , 0 );
INSERT INTO DISTRIBUCION( ISIN , SUBALLOCATION , PORCENTAJE ) VALUES( 'IE00B03HD191' , 'Japon' , 8 );
INSERT INTO DISTRIBUCION( ISIN , SUBALLOCATION , PORCENTAJE ) VALUES( 'IE00B03HD191' , 'Australia' , 2 );
INSERT INTO DISTRIBUCION( ISIN , SUBALLOCATION , PORCENTAJE ) VALUES( 'IE00B03HD191' , 'Asia' , 2 );

INSERT INTO DISTRIBUCION( ISIN , SUBALLOCATION , PORCENTAJE ) VALUES( 'IE00BFPM9N11' , 'Estados Unidos' , 65 );
INSERT INTO DISTRIBUCION( ISIN , SUBALLOCATION , PORCENTAJE ) VALUES( 'IE00BFPM9N11' , 'Canada' , 3 );
INSERT INTO DISTRIBUCION( ISIN , SUBALLOCATION , PORCENTAJE ) VALUES( 'IE00BFPM9N11' , 'Latino America' , 0 );
INSERT INTO DISTRIBUCION( ISIN , SUBALLOCATION , PORCENTAJE ) VALUES( 'IE00BFPM9N11' , 'Reino Unido' , 5 );
INSERT INTO DISTRIBUCION( ISIN , SUBALLOCATION , PORCENTAJE ) VALUES( 'IE00BFPM9N11' , 'Europa' , 15 );
INSERT INTO DISTRIBUCION( ISIN , SUBALLOCATION , PORCENTAJE ) VALUES( 'IE00BFPM9N11' , 'Africa' , 0 );
INSERT INTO DISTRIBUCION( ISIN , SUBALLOCATION , PORCENTAJE ) VALUES( 'IE00BFPM9N11' , 'Oriente Medio' , 0 );
INSERT INTO DISTRIBUCION( ISIN , SUBALLOCATION , PORCENTAJE ) VALUES( 'IE00BFPM9N11' , 'Japon' , 8 );
INSERT INTO DISTRIBUCION( ISIN , SUBALLOCATION , PORCENTAJE ) VALUES( 'IE00BFPM9N11' , 'Australia' , 2 );
INSERT INTO DISTRIBUCION( ISIN , SUBALLOCATION , PORCENTAJE ) VALUES( 'IE00BFPM9N11' , 'Asia' , 2 );

-- iShares Core MSCI World UCITS ETF USD
INSERT INTO DISTRIBUCION( ISIN , SUBALLOCATION , PORCENTAJE ) VALUES( 'IE00B4L5Y983' , 'Estados Unidos' , 65 );
INSERT INTO DISTRIBUCION( ISIN , SUBALLOCATION , PORCENTAJE ) VALUES( 'IE00B4L5Y983' , 'Canada' , 3 );
INSERT INTO DISTRIBUCION( ISIN , SUBALLOCATION , PORCENTAJE ) VALUES( 'IE00B4L5Y983' , 'Latino America' , 0 );
INSERT INTO DISTRIBUCION( ISIN , SUBALLOCATION , PORCENTAJE ) VALUES( 'IE00B4L5Y983' , 'Reino Unido' , 5 );
INSERT INTO DISTRIBUCION( ISIN , SUBALLOCATION , PORCENTAJE ) VALUES( 'IE00B4L5Y983' , 'Europa' , 15 );
INSERT INTO DISTRIBUCION( ISIN , SUBALLOCATION , PORCENTAJE ) VALUES( 'IE00B4L5Y983' , 'Africa' , 0 );
INSERT INTO DISTRIBUCION( ISIN , SUBALLOCATION , PORCENTAJE ) VALUES( 'IE00B4L5Y983' , 'Oriente Medio' , 0 );
INSERT INTO DISTRIBUCION( ISIN , SUBALLOCATION , PORCENTAJE ) VALUES( 'IE00B4L5Y983' , 'Japon' , 8 );
INSERT INTO DISTRIBUCION( ISIN , SUBALLOCATION , PORCENTAJE ) VALUES( 'IE00B4L5Y983' , 'Australia' , 2 );
INSERT INTO DISTRIBUCION( ISIN , SUBALLOCATION , PORCENTAJE ) VALUES( 'IE00B4L5Y983' , 'Asia' , 2 );

-- Vanguard Global Bonds Index Fund Acumulation
INSERT INTO DISTRIBUCION( ISIN , SUBALLOCATION , PORCENTAJE ) VALUES( 'IE00B18GC888' , 'Estados Unidos' , 42 );
INSERT INTO DISTRIBUCION( ISIN , SUBALLOCATION , PORCENTAJE ) VALUES( 'IE00B18GC888' , 'Canada' , 4 );
INSERT INTO DISTRIBUCION( ISIN , SUBALLOCATION , PORCENTAJE ) VALUES( 'IE00B18GC888' , 'Latino America' , 2 );
INSERT INTO DISTRIBUCION( ISIN , SUBALLOCATION , PORCENTAJE ) VALUES( 'IE00B18GC888' , 'Reino Unido' , 5 );
INSERT INTO DISTRIBUCION( ISIN , SUBALLOCATION , PORCENTAJE ) VALUES( 'IE00B18GC888' , 'Europa' , 31 );
INSERT INTO DISTRIBUCION( ISIN , SUBALLOCATION , PORCENTAJE ) VALUES( 'IE00B18GC888' , 'Africa' , 1 );
INSERT INTO DISTRIBUCION( ISIN , SUBALLOCATION , PORCENTAJE ) VALUES( 'IE00B18GC888' , 'Oriente Medio' , 1 );
INSERT INTO DISTRIBUCION( ISIN , SUBALLOCATION , PORCENTAJE ) VALUES( 'IE00B18GC888' , 'Japon' , 10 );
INSERT INTO DISTRIBUCION( ISIN , SUBALLOCATION , PORCENTAJE ) VALUES( 'IE00B18GC888' , 'Australia' , 2 );
INSERT INTO DISTRIBUCION( ISIN , SUBALLOCATION , PORCENTAJE ) VALUES( 'IE00B18GC888' , 'Asia' , 2 );

INSERT INTO DISTRIBUCION( ISIN , SUBALLOCATION , PORCENTAJE ) VALUES( 'IE00BGCZ0B53' , 'Estados Unidos' , 42 );
INSERT INTO DISTRIBUCION( ISIN , SUBALLOCATION , PORCENTAJE ) VALUES( 'IE00BGCZ0B53' , 'Canada' , 4 );
INSERT INTO DISTRIBUCION( ISIN , SUBALLOCATION , PORCENTAJE ) VALUES( 'IE00BGCZ0B53' , 'Latino America' , 2 );
INSERT INTO DISTRIBUCION( ISIN , SUBALLOCATION , PORCENTAJE ) VALUES( 'IE00BGCZ0B53' , 'Reino Unido' , 5 );
INSERT INTO DISTRIBUCION( ISIN , SUBALLOCATION , PORCENTAJE ) VALUES( 'IE00BGCZ0B53' , 'Europa' , 31 );
INSERT INTO DISTRIBUCION( ISIN , SUBALLOCATION , PORCENTAJE ) VALUES( 'IE00BGCZ0B53' , 'Africa' , 1 );
INSERT INTO DISTRIBUCION( ISIN , SUBALLOCATION , PORCENTAJE ) VALUES( 'IE00BGCZ0B53' , 'Oriente Medio' , 1 );
INSERT INTO DISTRIBUCION( ISIN , SUBALLOCATION , PORCENTAJE ) VALUES( 'IE00BGCZ0B53' , 'Japon' , 10 );
INSERT INTO DISTRIBUCION( ISIN , SUBALLOCATION , PORCENTAJE ) VALUES( 'IE00BGCZ0B53' , 'Australia' , 2 );
INSERT INTO DISTRIBUCION( ISIN , SUBALLOCATION , PORCENTAJE ) VALUES( 'IE00BGCZ0B53' , 'Asia' , 2 );

-- ITX
INSERT INTO DISTRIBUCION( ISIN , SUBALLOCATION , PORCENTAJE ) VALUES( 'ITX' , 'Estados Unidos' , 15 );
INSERT INTO DISTRIBUCION( ISIN , SUBALLOCATION , PORCENTAJE ) VALUES( 'ITX' , 'Canada' , 0 );
INSERT INTO DISTRIBUCION( ISIN , SUBALLOCATION , PORCENTAJE ) VALUES( 'ITX' , 'Latino America' , 0 );
INSERT INTO DISTRIBUCION( ISIN , SUBALLOCATION , PORCENTAJE ) VALUES( 'ITX' , 'Reino Unido' , 0 );
INSERT INTO DISTRIBUCION( ISIN , SUBALLOCATION , PORCENTAJE ) VALUES( 'ITX' , 'Europa' , 60 );
INSERT INTO DISTRIBUCION( ISIN , SUBALLOCATION , PORCENTAJE ) VALUES( 'ITX' , 'Africa' , 0 );
INSERT INTO DISTRIBUCION( ISIN , SUBALLOCATION , PORCENTAJE ) VALUES( 'ITX' , 'Oriente Medio' , 0 );
INSERT INTO DISTRIBUCION( ISIN , SUBALLOCATION , PORCENTAJE ) VALUES( 'ITX' , 'Japon' , 0 );
INSERT INTO DISTRIBUCION( ISIN , SUBALLOCATION , PORCENTAJE ) VALUES( 'ITX' , 'Australia' , 0 );
INSERT INTO DISTRIBUCION( ISIN , SUBALLOCATION , PORCENTAJE ) VALUES( 'ITX' , 'Asia' , 25 );

-- AAPL
INSERT INTO DISTRIBUCION( ISIN , SUBALLOCATION , PORCENTAJE ) VALUES( 'AAPL' , 'Estados Unidos' , 45 );
INSERT INTO DISTRIBUCION( ISIN , SUBALLOCATION , PORCENTAJE ) VALUES( 'AAPL' , 'Canada' , 0 );
INSERT INTO DISTRIBUCION( ISIN , SUBALLOCATION , PORCENTAJE ) VALUES( 'AAPL' , 'Latino America' , 0 );
INSERT INTO DISTRIBUCION( ISIN , SUBALLOCATION , PORCENTAJE ) VALUES( 'AAPL' , 'Reino Unido' , 0 );
INSERT INTO DISTRIBUCION( ISIN , SUBALLOCATION , PORCENTAJE ) VALUES( 'AAPL' , 'Europa' , 25 );
INSERT INTO DISTRIBUCION( ISIN , SUBALLOCATION , PORCENTAJE ) VALUES( 'AAPL' , 'Africa' , 0 );
INSERT INTO DISTRIBUCION( ISIN , SUBALLOCATION , PORCENTAJE ) VALUES( 'AAPL' , 'Oriente Medio' , 0 );
INSERT INTO DISTRIBUCION( ISIN , SUBALLOCATION , PORCENTAJE ) VALUES( 'AAPL' , 'Japon' , 8 );
INSERT INTO DISTRIBUCION( ISIN , SUBALLOCATION , PORCENTAJE ) VALUES( 'AAPL' , 'Australia' , 0 );
INSERT INTO DISTRIBUCION( ISIN , SUBALLOCATION , PORCENTAJE ) VALUES( 'AAPL' , 'Asia' , 22 );

-- MSFT
INSERT INTO DISTRIBUCION( ISIN , SUBALLOCATION , PORCENTAJE ) VALUES( 'MSFT' , 'Estados Unidos' , 45 );
INSERT INTO DISTRIBUCION( ISIN , SUBALLOCATION , PORCENTAJE ) VALUES( 'MSFT' , 'Canada' , 0 );
INSERT INTO DISTRIBUCION( ISIN , SUBALLOCATION , PORCENTAJE ) VALUES( 'MSFT' , 'Latino America' , 0 );
INSERT INTO DISTRIBUCION( ISIN , SUBALLOCATION , PORCENTAJE ) VALUES( 'MSFT' , 'Reino Unido' , 0 );
INSERT INTO DISTRIBUCION( ISIN , SUBALLOCATION , PORCENTAJE ) VALUES( 'MSFT' , 'Europa' , 25 );
INSERT INTO DISTRIBUCION( ISIN , SUBALLOCATION , PORCENTAJE ) VALUES( 'MSFT' , 'Africa' , 0 );
INSERT INTO DISTRIBUCION( ISIN , SUBALLOCATION , PORCENTAJE ) VALUES( 'MSFT' , 'Oriente Medio' , 0 );
INSERT INTO DISTRIBUCION( ISIN , SUBALLOCATION , PORCENTAJE ) VALUES( 'MSFT' , 'Japon' , 8 );
INSERT INTO DISTRIBUCION( ISIN , SUBALLOCATION , PORCENTAJE ) VALUES( 'MSFT' , 'Australia' , 0 );
INSERT INTO DISTRIBUCION( ISIN , SUBALLOCATION , PORCENTAJE ) VALUES( 'MSFT' , 'Asia' , 22 );

-- Sector

-- Vanguard Global Stoks Index Fund Acumulation
INSERT INTO DISTRIBUCION( ISIN , SUBALLOCATION , PORCENTAJE ) VALUES( 'IE00B03HD191' , 'Materias Primas' , 4 );  
INSERT INTO DISTRIBUCION( ISIN , SUBALLOCATION , PORCENTAJE ) VALUES( 'IE00B03HD191' , 'Consumo' , 19 );   
INSERT INTO DISTRIBUCION( ISIN , SUBALLOCATION , PORCENTAJE ) VALUES( 'IE00B03HD191' , 'Financiero' ,15 );    
INSERT INTO DISTRIBUCION( ISIN , SUBALLOCATION , PORCENTAJE ) VALUES( 'IE00B03HD191' , 'Inmoviliario' , 3 );       
INSERT INTO DISTRIBUCION( ISIN , SUBALLOCATION , PORCENTAJE ) VALUES( 'IE00B03HD191' , 'Salud' , 15 );     
INSERT INTO DISTRIBUCION( ISIN , SUBALLOCATION , PORCENTAJE ) VALUES( 'IE00B03HD191' , 'Servivicios' , 3 );  
INSERT INTO DISTRIBUCION( ISIN , SUBALLOCATION , PORCENTAJE ) VALUES( 'IE00B03HD191' , 'Comunicacion' , 9 ); 
INSERT INTO DISTRIBUCION( ISIN , SUBALLOCATION , PORCENTAJE ) VALUES( 'IE00B03HD191' , 'Energia' , 4 );    
INSERT INTO DISTRIBUCION( ISIN , SUBALLOCATION , PORCENTAJE ) VALUES( 'IE00B03HD191' , 'Industria' , 10 );   
INSERT INTO DISTRIBUCION( ISIN , SUBALLOCATION , PORCENTAJE ) VALUES( 'IE00B03HD191' , 'Tecnologia' , 18  ); 

INSERT INTO DISTRIBUCION( ISIN , SUBALLOCATION , PORCENTAJE ) VALUES( 'IE00BFPM9N11' , 'Materias Primas' , 4 );  
INSERT INTO DISTRIBUCION( ISIN , SUBALLOCATION , PORCENTAJE ) VALUES( 'IE00BFPM9N11' , 'Consumo' , 19 );   
INSERT INTO DISTRIBUCION( ISIN , SUBALLOCATION , PORCENTAJE ) VALUES( 'IE00BFPM9N11' , 'Financiero' ,15 );    
INSERT INTO DISTRIBUCION( ISIN , SUBALLOCATION , PORCENTAJE ) VALUES( 'IE00BFPM9N11' , 'Inmoviliario' , 3 );        
INSERT INTO DISTRIBUCION( ISIN , SUBALLOCATION , PORCENTAJE ) VALUES( 'IE00BFPM9N11' , 'Salud' , 15 );     
INSERT INTO DISTRIBUCION( ISIN , SUBALLOCATION , PORCENTAJE ) VALUES( 'IE00BFPM9N11' , 'Servivicios' , 3 );  
INSERT INTO DISTRIBUCION( ISIN , SUBALLOCATION , PORCENTAJE ) VALUES( 'IE00BFPM9N11' , 'Comunicacion' , 9 ); 
INSERT INTO DISTRIBUCION( ISIN , SUBALLOCATION , PORCENTAJE ) VALUES( 'IE00BFPM9N11' , 'Energia' , 4 );    
INSERT INTO DISTRIBUCION( ISIN , SUBALLOCATION , PORCENTAJE ) VALUES( 'IE00BFPM9N11' , 'Industria' , 10 );   
INSERT INTO DISTRIBUCION( ISIN , SUBALLOCATION , PORCENTAJE ) VALUES( 'IE00BFPM9N11' , 'Tecnologia' , 18  );

-- iShares Core MSCI World UCITS ETF USD
INSERT INTO DISTRIBUCION( ISIN , SUBALLOCATION , PORCENTAJE ) VALUES( 'IE00B4L5Y983' , 'Materias Primas' , 4 );  
INSERT INTO DISTRIBUCION( ISIN , SUBALLOCATION , PORCENTAJE ) VALUES( 'IE00B4L5Y983' , 'Consumo' , 19 );   
INSERT INTO DISTRIBUCION( ISIN , SUBALLOCATION , PORCENTAJE ) VALUES( 'IE00B4L5Y983' , 'Financiero' ,15 );    
INSERT INTO DISTRIBUCION( ISIN , SUBALLOCATION , PORCENTAJE ) VALUES( 'IE00B4L5Y983' , 'Inmoviliario' , 3 );        
INSERT INTO DISTRIBUCION( ISIN , SUBALLOCATION , PORCENTAJE ) VALUES( 'IE00B4L5Y983' , 'Salud' , 15 );     
INSERT INTO DISTRIBUCION( ISIN , SUBALLOCATION , PORCENTAJE ) VALUES( 'IE00B4L5Y983' , 'Servivicios' , 3 );  
INSERT INTO DISTRIBUCION( ISIN , SUBALLOCATION , PORCENTAJE ) VALUES( 'IE00B4L5Y983' , 'Comunicacion' , 9 ); 
INSERT INTO DISTRIBUCION( ISIN , SUBALLOCATION , PORCENTAJE ) VALUES( 'IE00B4L5Y983' , 'Energia' , 4 );    
INSERT INTO DISTRIBUCION( ISIN , SUBALLOCATION , PORCENTAJE ) VALUES( 'IE00B4L5Y983' , 'Industria' , 10 );   
INSERT INTO DISTRIBUCION( ISIN , SUBALLOCATION , PORCENTAJE ) VALUES( 'IE00B4L5Y983' , 'Tecnologia' , 18  );

-- ITX
INSERT INTO DISTRIBUCION( ISIN , SUBALLOCATION , PORCENTAJE ) VALUES( 'ITX' , 'Materias Primas' , 0 );  
INSERT INTO DISTRIBUCION( ISIN , SUBALLOCATION , PORCENTAJE ) VALUES( 'ITX' , 'Consumo' , 0 );   
INSERT INTO DISTRIBUCION( ISIN , SUBALLOCATION , PORCENTAJE ) VALUES( 'ITX' , 'Financiero' ,0 );    
INSERT INTO DISTRIBUCION( ISIN , SUBALLOCATION , PORCENTAJE ) VALUES( 'ITX' , 'Inmoviliario' , 0 );       
INSERT INTO DISTRIBUCION( ISIN , SUBALLOCATION , PORCENTAJE ) VALUES( 'ITX' , 'Salud' , 0 );     
INSERT INTO DISTRIBUCION( ISIN , SUBALLOCATION , PORCENTAJE ) VALUES( 'ITX' , 'Servivicios' , 0 );  
INSERT INTO DISTRIBUCION( ISIN , SUBALLOCATION , PORCENTAJE ) VALUES( 'ITX' , 'Comunicacion' , 0 ); 
INSERT INTO DISTRIBUCION( ISIN , SUBALLOCATION , PORCENTAJE ) VALUES( 'ITX' , 'Energia' , 0 );    
INSERT INTO DISTRIBUCION( ISIN , SUBALLOCATION , PORCENTAJE ) VALUES( 'ITX' , 'Industria' , 100 );   
INSERT INTO DISTRIBUCION( ISIN , SUBALLOCATION , PORCENTAJE ) VALUES( 'ITX' , 'Tecnologia' , 0  );

-- AAPL
INSERT INTO DISTRIBUCION( ISIN , SUBALLOCATION , PORCENTAJE ) VALUES( 'AAPL' , 'Materias Primas' , 0 );  
INSERT INTO DISTRIBUCION( ISIN , SUBALLOCATION , PORCENTAJE ) VALUES( 'AAPL' , 'Consumo' , 0 );   
INSERT INTO DISTRIBUCION( ISIN , SUBALLOCATION , PORCENTAJE ) VALUES( 'AAPL' , 'Financiero' ,0 );    
INSERT INTO DISTRIBUCION( ISIN , SUBALLOCATION , PORCENTAJE ) VALUES( 'AAPL' , 'Inmoviliario' , 0 );       
INSERT INTO DISTRIBUCION( ISIN , SUBALLOCATION , PORCENTAJE ) VALUES( 'AAPL' , 'Salud' , 0 );     
INSERT INTO DISTRIBUCION( ISIN , SUBALLOCATION , PORCENTAJE ) VALUES( 'AAPL' , 'Servivicios' , 0 );  
INSERT INTO DISTRIBUCION( ISIN , SUBALLOCATION , PORCENTAJE ) VALUES( 'AAPL' , 'Comunicacion' , 0 ); 
INSERT INTO DISTRIBUCION( ISIN , SUBALLOCATION , PORCENTAJE ) VALUES( 'AAPL' , 'Energia' , 0 );    
INSERT INTO DISTRIBUCION( ISIN , SUBALLOCATION , PORCENTAJE ) VALUES( 'AAPL' , 'Industria' , 0 );   
INSERT INTO DISTRIBUCION( ISIN , SUBALLOCATION , PORCENTAJE ) VALUES( 'AAPL' , 'Tecnologia' , 100  );

-- MSFT
INSERT INTO DISTRIBUCION( ISIN , SUBALLOCATION , PORCENTAJE ) VALUES( 'MSFT' , 'Materias Primas' , 0 );  
INSERT INTO DISTRIBUCION( ISIN , SUBALLOCATION , PORCENTAJE ) VALUES( 'MSFT' , 'Consumo' , 0 );   
INSERT INTO DISTRIBUCION( ISIN , SUBALLOCATION , PORCENTAJE ) VALUES( 'MSFT' , 'Financiero' ,0 );    
INSERT INTO DISTRIBUCION( ISIN , SUBALLOCATION , PORCENTAJE ) VALUES( 'MSFT' , 'Inmoviliario' , 0 );       
INSERT INTO DISTRIBUCION( ISIN , SUBALLOCATION , PORCENTAJE ) VALUES( 'MSFT' , 'Salud' , 0 );     
INSERT INTO DISTRIBUCION( ISIN , SUBALLOCATION , PORCENTAJE ) VALUES( 'MSFT' , 'Servivicios' , 0 );  
INSERT INTO DISTRIBUCION( ISIN , SUBALLOCATION , PORCENTAJE ) VALUES( 'MSFT' , 'Comunicacion' , 0 ); 
INSERT INTO DISTRIBUCION( ISIN , SUBALLOCATION , PORCENTAJE ) VALUES( 'MSFT' , 'Energia' , 0 );    
INSERT INTO DISTRIBUCION( ISIN , SUBALLOCATION , PORCENTAJE ) VALUES( 'MSFT' , 'Industria' , 0 );   
INSERT INTO DISTRIBUCION( ISIN , SUBALLOCATION , PORCENTAJE ) VALUES( 'MSFT' , 'Tecnologia' , 100  );

-- Capitalizacion

-- Vanguard Global Stoks Index Fund Acumulation
INSERT INTO DISTRIBUCION( ISIN , SUBALLOCATION , PORCENTAJE ) VALUES( 'IE00B03HD191' , 'Gigante' , 48 );    
INSERT INTO DISTRIBUCION( ISIN , SUBALLOCATION , PORCENTAJE ) VALUES( 'IE00B03HD191' , 'Grande' , 37 );     
INSERT INTO DISTRIBUCION( ISIN , SUBALLOCATION , PORCENTAJE ) VALUES( 'IE00B03HD191' , 'Mediano' , 16 );  
INSERT INTO DISTRIBUCION( ISIN , SUBALLOCATION , PORCENTAJE ) VALUES( 'IE00B03HD191' , 'Pequeño' , 0 );    
INSERT INTO DISTRIBUCION( ISIN , SUBALLOCATION , PORCENTAJE ) VALUES( 'IE00B03HD191' , 'Micro' , 0 );

INSERT INTO DISTRIBUCION( ISIN , SUBALLOCATION , PORCENTAJE ) VALUES( 'IE00BFPM9N11' , 'Gigante' , 48 );    
INSERT INTO DISTRIBUCION( ISIN , SUBALLOCATION , PORCENTAJE ) VALUES( 'IE00BFPM9N11' , 'Grande' , 37 );     
INSERT INTO DISTRIBUCION( ISIN , SUBALLOCATION , PORCENTAJE ) VALUES( 'IE00BFPM9N11' , 'Mediano' , 16 );  
INSERT INTO DISTRIBUCION( ISIN , SUBALLOCATION , PORCENTAJE ) VALUES( 'IE00BFPM9N11' , 'Pequeño' , 0 );    
INSERT INTO DISTRIBUCION( ISIN , SUBALLOCATION , PORCENTAJE ) VALUES( 'IE00BFPM9N11' , 'Micro' , 0 );   

-- iShares Core MSCI World UCITS ETF USD
INSERT INTO DISTRIBUCION( ISIN , SUBALLOCATION , PORCENTAJE ) VALUES( 'IE00B4L5Y983' , 'Gigante' , 48 );    
INSERT INTO DISTRIBUCION( ISIN , SUBALLOCATION , PORCENTAJE ) VALUES( 'IE00B4L5Y983' , 'Grande' , 37 );     
INSERT INTO DISTRIBUCION( ISIN , SUBALLOCATION , PORCENTAJE ) VALUES( 'IE00B4L5Y983' , 'Mediano' , 16 );  
INSERT INTO DISTRIBUCION( ISIN , SUBALLOCATION , PORCENTAJE ) VALUES( 'IE00B4L5Y983' , 'Pequeño' , 0 );    
INSERT INTO DISTRIBUCION( ISIN , SUBALLOCATION , PORCENTAJE ) VALUES( 'IE00B4L5Y983' , 'Micro' , 0 ); 

-- ITX
INSERT INTO DISTRIBUCION( ISIN , SUBALLOCATION , PORCENTAJE ) VALUES( 'ITX' , 'Gigante' , 100 );    
INSERT INTO DISTRIBUCION( ISIN , SUBALLOCATION , PORCENTAJE ) VALUES( 'ITX' , 'Grande' , 0 );     
INSERT INTO DISTRIBUCION( ISIN , SUBALLOCATION , PORCENTAJE ) VALUES( 'ITX' , 'Mediano' , 0 );  
INSERT INTO DISTRIBUCION( ISIN , SUBALLOCATION , PORCENTAJE ) VALUES( 'ITX' , 'Pequeño' , 0 );    
INSERT INTO DISTRIBUCION( ISIN , SUBALLOCATION , PORCENTAJE ) VALUES( 'ITX' , 'Micro' , 0 );

-- AAPL
INSERT INTO DISTRIBUCION( ISIN , SUBALLOCATION , PORCENTAJE ) VALUES( 'AAPL' , 'Gigante' , 100 );    
INSERT INTO DISTRIBUCION( ISIN , SUBALLOCATION , PORCENTAJE ) VALUES( 'AAPL' , 'Grande' , 0 );     
INSERT INTO DISTRIBUCION( ISIN , SUBALLOCATION , PORCENTAJE ) VALUES( 'AAPL' , 'Mediano' , 0 );  
INSERT INTO DISTRIBUCION( ISIN , SUBALLOCATION , PORCENTAJE ) VALUES( 'AAPL' , 'Pequeño' , 0 );    
INSERT INTO DISTRIBUCION( ISIN , SUBALLOCATION , PORCENTAJE ) VALUES( 'AAPL' , 'Micro' , 0 );

-- MSFT
INSERT INTO DISTRIBUCION( ISIN , SUBALLOCATION , PORCENTAJE ) VALUES( 'MSFT' , 'Gigante' , 100 );    
INSERT INTO DISTRIBUCION( ISIN , SUBALLOCATION , PORCENTAJE ) VALUES( 'MSFT' , 'Grande' , 0 );     
INSERT INTO DISTRIBUCION( ISIN , SUBALLOCATION , PORCENTAJE ) VALUES( 'MSFT' , 'Mediano' , 0 );  
INSERT INTO DISTRIBUCION( ISIN , SUBALLOCATION , PORCENTAJE ) VALUES( 'MSFT' , 'Pequeño' , 0 );    
INSERT INTO DISTRIBUCION( ISIN , SUBALLOCATION , PORCENTAJE ) VALUES( 'MSFT' , 'Micro' , 0 );

-- Vencimiento

-- Vanguard Global Bonds Index Fund Acumulation
INSERT INTO DISTRIBUCION( ISIN , SUBALLOCATION , PORCENTAJE ) VALUES( 'IE00B18GC888' , '1 a 3' , 20 );    
INSERT INTO DISTRIBUCION( ISIN , SUBALLOCATION , PORCENTAJE ) VALUES( 'IE00B18GC888' , '3 a 5' , 18 );   
INSERT INTO DISTRIBUCION( ISIN , SUBALLOCATION , PORCENTAJE ) VALUES( 'IE00B18GC888' , '5 a 7' , 12 );  
INSERT INTO DISTRIBUCION( ISIN , SUBALLOCATION , PORCENTAJE ) VALUES( 'IE00B18GC888' , '7 a 10' , 13 );    
INSERT INTO DISTRIBUCION( ISIN , SUBALLOCATION , PORCENTAJE ) VALUES( 'IE00B18GC888' , '10 a 15' , 7 );   
INSERT INTO DISTRIBUCION( ISIN , SUBALLOCATION , PORCENTAJE ) VALUES( 'IE00B18GC888' , '15 a 20' , 6 );   
INSERT INTO DISTRIBUCION( ISIN , SUBALLOCATION , PORCENTAJE ) VALUES( 'IE00B18GC888' , '20 a 30' , 20 );   
INSERT INTO DISTRIBUCION( ISIN , SUBALLOCATION , PORCENTAJE ) VALUES( 'IE00B18GC888' , 'mas de 30' , 4 );

INSERT INTO DISTRIBUCION( ISIN , SUBALLOCATION , PORCENTAJE ) VALUES( 'IE00BGCZ0B53' , '1 a 3' , 20 );    
INSERT INTO DISTRIBUCION( ISIN , SUBALLOCATION , PORCENTAJE ) VALUES( 'IE00BGCZ0B53' , '3 a 5' , 18 );   
INSERT INTO DISTRIBUCION( ISIN , SUBALLOCATION , PORCENTAJE ) VALUES( 'IE00BGCZ0B53' , '5 a 7' , 12 );  
INSERT INTO DISTRIBUCION( ISIN , SUBALLOCATION , PORCENTAJE ) VALUES( 'IE00BGCZ0B53' , '7 a 10' , 13 );    
INSERT INTO DISTRIBUCION( ISIN , SUBALLOCATION , PORCENTAJE ) VALUES( 'IE00BGCZ0B53' , '10 a 15' , 7 );   
INSERT INTO DISTRIBUCION( ISIN , SUBALLOCATION , PORCENTAJE ) VALUES( 'IE00BGCZ0B53' , '15 a 20' , 6 );   
INSERT INTO DISTRIBUCION( ISIN , SUBALLOCATION , PORCENTAJE ) VALUES( 'IE00BGCZ0B53' , '20 a 30' , 20 );   
INSERT INTO DISTRIBUCION( ISIN , SUBALLOCATION , PORCENTAJE ) VALUES( 'IE00BGCZ0B53' , 'mas de 30' , 4 );

-- Calidad Crediticia

-- Vanguard Global Bonds Index Fund Acumulation
INSERT INTO DISTRIBUCION( ISIN , SUBALLOCATION , PORCENTAJE ) VALUES( 'IE00B18GC888' , 'AAA' , 42 );
INSERT INTO DISTRIBUCION( ISIN , SUBALLOCATION , PORCENTAJE ) VALUES( 'IE00B18GC888' , 'AA' , 16 );   
INSERT INTO DISTRIBUCION( ISIN , SUBALLOCATION , PORCENTAJE ) VALUES( 'IE00B18GC888' , 'A' , 24 );  
INSERT INTO DISTRIBUCION( ISIN , SUBALLOCATION , PORCENTAJE ) VALUES( 'IE00B18GC888' , 'B' , 18 );  
INSERT INTO DISTRIBUCION( ISIN , SUBALLOCATION , PORCENTAJE ) VALUES( 'IE00B18GC888' , 'BB' , 0 );   
INSERT INTO DISTRIBUCION( ISIN , SUBALLOCATION , PORCENTAJE ) VALUES( 'IE00B18GC888' , 'BBB' , 0 );   
INSERT INTO DISTRIBUCION( ISIN , SUBALLOCATION , PORCENTAJE ) VALUES( 'IE00B18GC888' , 'Ninguna' , 0 );  

INSERT INTO DISTRIBUCION( ISIN , SUBALLOCATION , PORCENTAJE ) VALUES( 'IE00BGCZ0B53' , 'AAA' , 42 );
INSERT INTO DISTRIBUCION( ISIN , SUBALLOCATION , PORCENTAJE ) VALUES( 'IE00BGCZ0B53' , 'AA' , 16 );   
INSERT INTO DISTRIBUCION( ISIN , SUBALLOCATION , PORCENTAJE ) VALUES( 'IE00BGCZ0B53' , 'A' , 24 );  
INSERT INTO DISTRIBUCION( ISIN , SUBALLOCATION , PORCENTAJE ) VALUES( 'IE00BGCZ0B53' , 'B' , 18 );  
INSERT INTO DISTRIBUCION( ISIN , SUBALLOCATION , PORCENTAJE ) VALUES( 'IE00BGCZ0B53' , 'BB' , 0 );   
INSERT INTO DISTRIBUCION( ISIN , SUBALLOCATION , PORCENTAJE ) VALUES( 'IE00BGCZ0B53' , 'BBB' , 0 );   
INSERT INTO DISTRIBUCION( ISIN , SUBALLOCATION , PORCENTAJE ) VALUES( 'IE00BGCZ0B53' , 'Ninguna' , 0 );

-- Entidad Emisora

-- Vanguard Global Bonds Index Fund Acumulation
INSERT INTO DISTRIBUCION( ISIN , SUBALLOCATION , PORCENTAJE ) VALUES( 'IE00B18GC888' , 'Institucional' , 100 );    
INSERT INTO DISTRIBUCION( ISIN , SUBALLOCATION , PORCENTAJE ) VALUES( 'IE00B18GC888' , 'Gurnamental' , 0 ); 

INSERT INTO DISTRIBUCION( ISIN , SUBALLOCATION , PORCENTAJE ) VALUES( 'IE00BGCZ0B53' , 'Institucional' , 100 );    
INSERT INTO DISTRIBUCION( ISIN , SUBALLOCATION , PORCENTAJE ) VALUES( 'IE00BGCZ0B53' , 'Gurnamental' , 0 );

-- ----------------------------------------------
-- ------------------ CUENTA --------------------
-- ----------------------------------------------

CREATE TABLE CUENTA(
CUENTA VARCHAR(30) NOT NULL,
COLOR VARCHAR(50) NOT NULL,
DESCRIPCION VARCHAR(100),
MONEDA VARCHAR(3) NOT NULL,
PAIS VARCHAR(30) NOT NULL,
PRIMARY KEY( CUENTA ));

INSERT INTO CUENTA( CUENTA , MONEDA , PAIS , COLOR ) VALUES ( 'Efectivo'   , 'EUR' , 'España'  , 'rgba( 230 , 0 , 0 , 1 )' );     -- Rojo
INSERT INTO CUENTA( CUENTA , MONEDA , PAIS , COLOR ) VALUES ( 'Bankia'     , 'EUR' , 'España'  , 'rgba( 7 , 181 , 42 , 1 )' );    -- VerdeEsmeralda
INSERT INTO CUENTA( CUENTA , MONEDA , PAIS , COLOR ) VALUES ( 'MyInvestor' , 'EUR' , 'España'  , 'rgba( 230 , 174 , 44 , 1 )' );  -- Naranja
INSERT INTO CUENTA( CUENTA , MONEDA , PAIS , COLOR ) VALUES ( 'DeGiro'     , 'EUR' , 'Holanda' , 'rgba( 52 , 215 , 247 , 1 )' );  -- AzulCeleste
INSERT INTO CUENTA( CUENTA , MONEDA , PAIS , COLOR ) VALUES ( 'ClickTrade' , 'EUR' , 'España'  , 'rgba( 120 , 3 , 138 , 1 )' );   -- Violeta
INSERT INTO CUENTA( CUENTA , MONEDA , PAIS , COLOR ) VALUES ( 'IndexaCapital'     , 'EUR' , 'España'  , 'rgba( 19 , 6 , 120 , 1 )' );    -- AzulMarino

-- ----------------------------------------------
-- ---------------- APORTACION ------------------
-- ----------------------------------------------

CREATE TABLE APORTACION(
ISIN VARCHAR(30) NOT NULL,
CUENTA VARCHAR(30) NOT NULL, 
FECHA DATE NOT NULL,
PRECIO FLOAT NOT NULL,
TITULOS FLOAT NOT NULL,
CAMBIO FLOAT NOT NULL,
TIPO_OPERACION VARCHAR(30) NOT NULL,
FAVORITA VARCHAR(2) NOT NULL,
DESCRIPCION VARCHAR(100),
PRIMARY KEY( ISIN , CUENTA , FECHA , TIPO_OPERACION ));

ALTER TABLE APORTACION
ADD CONSTRAINT apotacion_isin FOREIGN KEY(ISIN) REFERENCES ACTIVO(ISIN) ON DELETE CASCADE,
ADD CONSTRAINT apotacion_cuenta FOREIGN KEY(CUENTA) REFERENCES CUENTA(CUENTA) ON DELETE CASCADE;

-- ----------------------------------------------
-- ----------------- COMISION -------------------
-- ----------------------------------------------

CREATE TABLE COMISION(
ISIN VARCHAR(30) NOT NULL,
CUENTA VARCHAR(30) NOT NULL, 
FECHA DATE NOT NULL,
GASTO FLOAT NOT NULL,
INGRESO FLOAT NOT NULL,
TIPO_OPERACION VARCHAR(30) NOT NULL,
FAVORITA VARCHAR(2) NOT NULL,
DESCRIPCION VARCHAR(100),
PRIMARY KEY( ISIN , CUENTA , FECHA , TIPO_OPERACION ));

ALTER TABLE COMISION
ADD CONSTRAINT comision_cuenta FOREIGN KEY(CUENTA) REFERENCES CUENTA(CUENTA) ON DELETE CASCADE;


-- ----------------------------------------------
-- ----------------- TRASPASO -------------------
-- ----------------------------------------------

CREATE TABLE TRASPASO(
ORIGEN VARCHAR(30) NOT NULL,
DESTINO VARCHAR(30) NOT NULL, 
FECHA DATE NOT NULL,
PRECIO FLOAT NOT NULL,
FAVORITA VARCHAR(2) NOT NULL,
DESCRIPCION VARCHAR(100),
PRIMARY KEY( ORIGEN , DESTINO , FECHA ));

ALTER TABLE TRASPASO
ADD CONSTRAINT traspaso_origen FOREIGN KEY(ORIGEN) REFERENCES CUENTA(CUENTA) ON DELETE CASCADE,
ADD CONSTRAINT traspaso_destino FOREIGN KEY(DESTINO) REFERENCES CUENTA(CUENTA) ON DELETE CASCADE;

-- ----------------------------------------------
-- --------------- TRANSACCION ------------------
-- ----------------------------------------------

CREATE TABLE TRANSACCION(
CUENTA VARCHAR(30) NOT NULL,
SUBCLASIFICACION VARCHAR(30) NOT NULL, 
FECHA DATE NOT NULL,
GASTO FLOAT NOT NULL,
INGRESO FLOAT NOT NULL,
FAVORITA VARCHAR(2) NOT NULL,
DESCRIPCION VARCHAR(100),
PRIMARY KEY( CUENTA , SUBCLASIFICACION , FECHA ));

ALTER TABLE TRANSACCION
ADD CONSTRAINT transaccion_cuenta FOREIGN KEY(CUENTA) REFERENCES CUENTA(CUENTA) ON DELETE CASCADE,
ADD CONSTRAINT transaccion_subclasificacion FOREIGN KEY(SUBCLASIFICACION) REFERENCES SUBCLASIFICACION(SUBCLASIFICACION) ON DELETE CASCADE;

