DROP DATABASE IF EXISTS FINANZAS_DAVIDCUESTA;
CREATE DATABASE FINANZAS_DAVIDCUESTA;
USE FINANZAS_DAVIDCUESTA;

-- ----------------------------------------------
-- --------------- DESCRIPCION ------------------
-- ----------------------------------------------

CREATE TABLE DESCRIPCION(
DESCRIPCION VARCHAR(100) NOT NULL,
COLOR VARCHAR(50) NOT NULL,
PRIMARY KEY(DESCRIPCION));

INSERT INTO DESCRIPCION( DESCRIPCION , COLOR ) VALUES( 'Vanguard Global Stoks Index Fund Acumulation' , 'rgba( 19 , 6 , 120 , 1 )' ); -- AzulMarino
INSERT INTO DESCRIPCION( DESCRIPCION , COLOR ) VALUES( 'Vanguard Global Bonds Index Fund Acumulation' , 'rgba( 7 , 181 , 42 , 1 )' ); -- VerdeEsmeralda
INSERT INTO DESCRIPCION( DESCRIPCION , COLOR ) VALUES( 'iShares Core MSCI World UCITS ETF USD' , 'rgba( 120 , 3 , 138 , 1 )' );  -- Violeta
INSERT INTO DESCRIPCION( DESCRIPCION , COLOR ) VALUES( 'Inditex' , 'rgba( 138 , 122 , 3 , 1 )' );   -- Dorado

-- ----------------------------------------------
-- ---------------- CATEGORIA -------------------
-- ----------------------------------------------

CREATE TABLE CATEGORIA(
CATEGORIA VARCHAR(30) NOT NULL,
COLOR VARCHAR(50) NOT NULL,
PRIMARY KEY(CATEGORIA));

INSERT INTO CATEGORIA( CATEGORIA , COLOR ) VALUES( 'Accion' , 'rgba( 19 , 6 , 120 , 1 )' );       -- AzulMarino
INSERT INTO CATEGORIA( CATEGORIA , COLOR ) VALUES( 'Bono' , 'rgba( 120 , 3 , 138 , 1 )' );        -- Violeta
INSERT INTO CATEGORIA( CATEGORIA , COLOR ) VALUES( 'Efectivo' , 'rgba( 7 , 181 , 42 , 1 )' );     -- VerdeEsmeralda
INSERT INTO CATEGORIA( CATEGORIA , COLOR ) VALUES( 'Comodities' , 'rgba( 138 , 122 , 3 , 1 )' );  -- Dorado
INSERT INTO CATEGORIA( CATEGORIA , COLOR ) VALUES( 'REIT' , 'rgba( 97 , 23 , 2 , 1 )' );          -- Marron

-- ----------------------------------------------
-- ---------------- ESTRATEGIA ------------------
-- ----------------------------------------------

CREATE TABLE ESTRATEGIA(
ESTRATEGIA VARCHAR(30) NOT NULL,
COLOR VARCHAR(50) NOT NULL,
PRIMARY KEY(ESTRATEGIA));

INSERT INTO ESTRATEGIA( ESTRATEGIA , COLOR ) VALUES( 'BogleHead' , 'rgba( 19 , 6 , 120 , 1 )' );       -- AzulMarino
INSERT INTO ESTRATEGIA( ESTRATEGIA , COLOR ) VALUES( 'Grow' , 'rgba( 120 , 3 , 138 , 1 )' );        -- Violeta
INSERT INTO ESTRATEGIA( ESTRATEGIA , COLOR ) VALUES( 'DGI' , 'rgba( 7 , 181 , 42 , 1 )' );     -- VerdeEsmeralda
INSERT INTO ESTRATEGIA( ESTRATEGIA , COLOR ) VALUES( 'CarteraPermanente' , 'rgba( 138 , 122 , 3 , 1 )' );  -- Dorado

-- ----------------------------------------------
-- ------------------ BROKER --------------------
-- ----------------------------------------------

CREATE TABLE BROKER(
BROKER VARCHAR(30) NOT NULL,
COLOR VARCHAR(50) NOT NULL,
PRIMARY KEY(BROKER));

INSERT INTO BROKER( BROKER , COLOR ) VALUES( 'Indexa Capital' , 'rgba( 19 , 6 , 120 , 1 )' );       -- AzulMarino
INSERT INTO BROKER( BROKER , COLOR ) VALUES( 'ClickTrade' , 'rgba( 138 , 122 , 3 , 1 )' );        -- Dorado
INSERT INTO BROKER( BROKER , COLOR ) VALUES( 'DeGiro' , 'rgba( 7 , 181 , 42 , 1 )' );     -- VerdeEsmeralda
INSERT INTO BROKER( BROKER , COLOR ) VALUES( 'MyInvestor' , 'rgba( 120 , 3 , 138 , 1 )' );        -- Violeta

-- ----------------------------------------------
-- ----------------- INDICES --------------------
-- ----------------------------------------------

CREATE TABLE INDICES(
ISIN VARCHAR(30) NOT NULL,
PRODUCTO VARCHAR(30) NOT NULL,
CATEGORIA VARCHAR(30) NOT NULL,
ESTRATEGIA VARCHAR(30) NOT NULL,
DESCRIPCION VARCHAR(100) NOT NULL,
LINK VARCHAR(100) NOT NULL,
PRIMARY KEY(ISIN));

ALTER TABLE INDICES
ADD CONSTRAINT indice_categoria FOREIGN KEY(CATEGORIA) REFERENCES CATEGORIA(CATEGORIA)  ON DELETE CASCADE,
ADD CONSTRAINT indice_descripcion FOREIGN KEY(DESCRIPCION) REFERENCES DESCRIPCION(DESCRIPCION) ON DELETE CASCADE;

-- Vanguard Global Stoks Index Fund Acumulation
INSERT INTO INDICES( ISIN , PRODUCTO , CATEGORIA , ESTRATEGIA , DESCRIPCION , LINK ) VALUES( 'IE00B03HD191' , 'Fondo' , 'Accion' , 'BogleHead' , 'Vanguard Global Stoks Index Fund Acumulation' , 'F0GBR052TN' );
INSERT INTO INDICES( ISIN , PRODUCTO , CATEGORIA , ESTRATEGIA , DESCRIPCION , LINK ) VALUES( 'IE00BFPM9N11' , 'Fondo' , 'Accion' , 'BogleHead' , 'Vanguard Global Stoks Index Fund Acumulation' , 'F00000S7J6' );
-- Vanguard Global Bonds Index Fund Acumulation
INSERT INTO INDICES( ISIN , PRODUCTO , CATEGORIA , ESTRATEGIA , DESCRIPCION , LINK ) VALUES( 'IE00B18GC888' , 'Fondo' , 'Bono' , 'BogleHead' , 'Vanguard Global Bonds Index Fund Acumulation' , 'F00000T1HT' );
INSERT INTO INDICES( ISIN , PRODUCTO , CATEGORIA , ESTRATEGIA , DESCRIPCION , LINK ) VALUES( 'IE00BGCZ0B53' , 'Fondo' , 'Bono' , 'BogleHead' , 'Vanguard Global Bonds Index Fund Acumulation' , 'F00000T1HY' );
-- iShares Core MSCI World UCITS ETF USD
INSERT INTO INDICES( ISIN , PRODUCTO , CATEGORIA , ESTRATEGIA , DESCRIPCION , LINK ) VALUES( 'IE00B4L5Y983' , 'ETF' , 'Accion' , 'BogleHead' , 'iShares Core MSCI World UCITS ETF USD' ,  '0P0000MLIH' );
-- Inditex
INSERT INTO INDICES( ISIN , PRODUCTO , CATEGORIA , ESTRATEGIA , DESCRIPCION , LINK ) VALUES( 'ITX' , 'Accion' , 'Accion' , 'DGI' , 'Inditex' , 'https://es.finance.yahoo.com/quote/ITX.MC?p=ITX.MC&.tsrc=fin-srch' );

-- ----------------------------------------------
-- --------------- APORTACIONES -----------------
-- ----------------------------------------------

CREATE TABLE APORTACIONES(
FECHA DATE NOT NULL,
ISIN VARCHAR(30) NOT NULL, 
TITULOS FLOAT NOT NULL,
PRECIO FLOAT NOT NULL,
BROKER VARCHAR(100) NOT NULL,
OPERACION VARCHAR(30) NOT NULL,
PRIMARY KEY(FECHA,ISIN));

ALTER TABLE APORTACIONES
ADD CONSTRAINT aportacion_broker FOREIGN KEY(BROKER) REFERENCES BROKER(BROKER) ON DELETE CASCADE,
ADD CONSTRAINT apotacion_indice FOREIGN KEY(ISIN) REFERENCES INDICES(ISIN) ON DELETE CASCADE;

-- Vanguard Global Stoks Index Fund Acumulation
INSERT INTO APORTACIONES( FECHA , ISIN , TITULOS , PRECIO , BROKER , OPERACION ) VALUES('2019-09-25' , 'IE00B03HD191' , 22.68 , 26.62 , 'Indexa Capital' , 'compra' );
INSERT INTO APORTACIONES( FECHA , ISIN , TITULOS , PRECIO , BROKER , OPERACION ) VALUES('2020-01-07' , 'IE00B03HD191' , 15.28 , 28.47 , 'Indexa Capital' , 'compra' );
INSERT INTO APORTACIONES( FECHA , ISIN , TITULOS , PRECIO , BROKER , OPERACION ) VALUES('2020-03-06' , 'IE00B03HD191' , 37.96 , 26.90 , 'Indexa Capital' , 'venta' );
INSERT INTO APORTACIONES( FECHA , ISIN , TITULOS , PRECIO , BROKER , OPERACION ) VALUES('2020-03-06' , 'IE00BFPM9N11' , 5.37 , 190.08 , 'Indexa Capital' , 'compra' );
-- Vanguard Global Bonds Index Fund Acumulation
INSERT INTO APORTACIONES( FECHA , ISIN , TITULOS , PRECIO , BROKER , OPERACION) VALUES('2019-09-24' , 'IE00B18GC888' , 3.57 , 107.97 , 'Indexa Capital' , 'compra' );
INSERT INTO APORTACIONES( FECHA , ISIN , TITULOS , PRECIO , BROKER , OPERACION) VALUES('2020-01-06' , 'IE00B18GC888' , 2.87 , 107.24 , 'Indexa Capital' , 'compra' );
INSERT INTO APORTACIONES( FECHA , ISIN , TITULOS , PRECIO , BROKER , OPERACION) VALUES('2020-03-06' , 'IE00B18GC888' , 6.44 , 109.25 , 'Indexa Capital' , 'venta'  );
INSERT INTO APORTACIONES( FECHA , ISIN , TITULOS , PRECIO , BROKER , OPERACION) VALUES('2020-03-06' , 'IE00BGCZ0B53' , 5.99 , 117.33 , 'Indexa Capital' , 'compra' );
-- iShares Core MSCI World UCITS ETF USD
INSERT INTO APORTACIONES( FECHA , ISIN , TITULOS , PRECIO , BROKER , OPERACION ) VALUES('2020-03-17' , 'IE00B4L5Y983' , 9 , 41 , 'DeGiro' , 'compra'  );
-- Inditex
INSERT INTO APORTACIONES( FECHA , ISIN , TITULOS , PRECIO , BROKER , OPERACION ) VALUES('2020-06-29' , 'ITX' , 22 , 23.91 , 'ClickTrade' , 'compra'  );

-- ----------------------------------------------
-- ---------------- COMISIONES ------------------
-- ----------------------------------------------

CREATE TABLE COMISIONES(
FECHA DATE NOT NULL,
ISIN VARCHAR(30) NOT NULL, 
BROKER VARCHAR(100) NOT NULL,
COMISION VARCHAR(30) NOT NULL,
PRECIO FLOAT NOT NULL,
PRIMARY KEY(FECHA,ISIN));

ALTER TABLE COMISIONES
ADD CONSTRAINT comision_broker FOREIGN KEY(BROKER) REFERENCES BROKER(BROKER) ON DELETE CASCADE,
ADD CONSTRAINT comision_indice FOREIGN KEY(ISIN) REFERENCES INDICES(ISIN) ON DELETE CASCADE;

-- Vanguard Global Stoks Index Fund Acumulation
INSERT INTO COMISIONES( FECHA , ISIN , BROKER , COMISION , PRECIO ) VALUES('2019-09-25' , 'IE00B03HD191' , 'Indexa Capital' , 'comision' , 0 );
INSERT INTO COMISIONES( FECHA , ISIN , BROKER , COMISION , PRECIO ) VALUES('2020-03-06' , 'IE00BFPM9N11' , 'Indexa Capital' , 'dividendo' , 0 );
-- Vanguard Global Bonds Index Fund Acumulation
INSERT INTO COMISIONES( FECHA , ISIN , BROKER , COMISION , PRECIO ) VALUES('2019-09-24' , 'IE00B18GC888' , 'Indexa Capital' , 'comision' , 0 );
INSERT INTO COMISIONES( FECHA , ISIN , BROKER , COMISION , PRECIO ) VALUES('2020-03-06' , 'IE00BGCZ0B53' , 'Indexa Capital' , 'dividendo' , 0 );
-- iShares Core MSCI World UCITS ETF USD
INSERT INTO COMISIONES( FECHA , ISIN , BROKER , COMISION , PRECIO ) VALUES('2020-03-17' , 'IE00B4L5Y983' , 'DeGiro' , 'comision' , 0 );
-- Inditex
INSERT INTO COMISIONES( FECHA , ISIN , BROKER , COMISION , PRECIO ) VALUES('2020-06-29' , 'ITX' , 'ClickTrade' , 'comision' ,15 );
INSERT INTO COMISIONES( FECHA , ISIN , BROKER , COMISION , PRECIO ) VALUES('2020-03-06' , 'ITX' , 'ClickTrade' , 'dividendo' , 0 );

-- ----------------------------------------------
-- ---------------- ALLOCATION ------------------
-- ----------------------------------------------

CREATE TABLE ALLOCATION(
ALLOCATION VARCHAR(30) NOT NULL,
COLOR VARCHAR(50) NOT NULL,
PRIMARY KEY(ALLOCATION));

INSERT INTO ALLOCATION( ALLOCATION , COLOR ) VALUES( 'Efectivo' , 'rgba( 7 , 181 , 42 , 1 )' );     -- VerdeEsmeralda
INSERT INTO ALLOCATION( ALLOCATION , COLOR ) VALUES( 'Renta Fija' , 'rgba( 0 , 148 , 20 , 1 )' );     -- VerdeOscuro
INSERT INTO ALLOCATION( ALLOCATION , COLOR ) VALUES( 'Renta Variable' , 'rgba( 19 , 6 , 120 , 1 )' );       -- AzulMarino
INSERT INTO ALLOCATION( ALLOCATION , COLOR ) VALUES( 'Commodities' , 'rgba( 138 , 122 , 3 , 1 )' );       -- Dorado
INSERT INTO ALLOCATION( ALLOCATION , COLOR ) VALUES( 'Real State' , 'rgba( 120 , 3 , 138 , 1 )' );        -- Violeta

CREATE TABLE ALLOCATIONS(
ISIN VARCHAR(30) NOT NULL,
ALLOCATION VARCHAR(30) NOT NULL,
PORCENTAJE FLOAT NOT NULL,
PRIMARY KEY( ISIN , ALLOCATION ));

ALTER TABLE ALLOCATIONS
ADD CONSTRAINT allocation_indice FOREIGN KEY(ISIN) REFERENCES INDICES(ISIN) ON DELETE CASCADE,
ADD CONSTRAINT allocation_allocation FOREIGN KEY(ALLOCATION) REFERENCES ALLOCATION(ALLOCATION) ON DELETE CASCADE;

-- Vanguard Global Stoks Index Fund Acumulation
INSERT INTO ALLOCATIONS( ISIN , ALLOCATION , PORCENTAJE ) VALUES( 'IE00B03HD191' , 'Efectivo' , 2 ); 
INSERT INTO ALLOCATIONS( ISIN , ALLOCATION , PORCENTAJE ) VALUES( 'IE00B03HD191' , 'Renta Fija' , 0 );   
INSERT INTO ALLOCATIONS( ISIN , ALLOCATION , PORCENTAJE ) VALUES( 'IE00B03HD191' , 'Renta Variable' , 98 ); 
INSERT INTO ALLOCATIONS( ISIN , ALLOCATION , PORCENTAJE ) VALUES( 'IE00B03HD191' , 'Commodities' , 0 );  
INSERT INTO ALLOCATIONS( ISIN , ALLOCATION , PORCENTAJE ) VALUES( 'IE00B03HD191' , 'Real State' , 0 );  

INSERT INTO ALLOCATIONS( ISIN , ALLOCATION , PORCENTAJE ) VALUES( 'IE00BFPM9N11' , 'Efectivo' , 2 ); 
INSERT INTO ALLOCATIONS( ISIN , ALLOCATION , PORCENTAJE ) VALUES( 'IE00BFPM9N11' , 'Renta Fija' , 0 );   
INSERT INTO ALLOCATIONS( ISIN , ALLOCATION , PORCENTAJE ) VALUES( 'IE00BFPM9N11' , 'Renta Variable' , 98 ); 
INSERT INTO ALLOCATIONS( ISIN , ALLOCATION , PORCENTAJE ) VALUES( 'IE00BFPM9N11' , 'Commodities' , 0 );  
INSERT INTO ALLOCATIONS( ISIN , ALLOCATION , PORCENTAJE ) VALUES( 'IE00BFPM9N11' , 'Real State' , 0 );

-- Vanguard Global Bonds Index Fund Acumulation
INSERT INTO ALLOCATIONS( ISIN , ALLOCATION , PORCENTAJE ) VALUES( 'IE00B18GC888' , 'Efectivo' , 2 ); 
INSERT INTO ALLOCATIONS( ISIN , ALLOCATION , PORCENTAJE ) VALUES( 'IE00B18GC888' , 'Renta Fija' , 98 );   
INSERT INTO ALLOCATIONS( ISIN , ALLOCATION , PORCENTAJE ) VALUES( 'IE00B18GC888' , 'Renta Variable' , 0 ); 
INSERT INTO ALLOCATIONS( ISIN , ALLOCATION , PORCENTAJE ) VALUES( 'IE00B18GC888' , 'Commodities' , 0 );  
INSERT INTO ALLOCATIONS( ISIN , ALLOCATION , PORCENTAJE ) VALUES( 'IE00B18GC888' , 'Real State' , 0 ); 

INSERT INTO ALLOCATIONS( ISIN , ALLOCATION , PORCENTAJE ) VALUES( 'IE00BGCZ0B53' , 'Efectivo' , 2 ); 
INSERT INTO ALLOCATIONS( ISIN , ALLOCATION , PORCENTAJE ) VALUES( 'IE00BGCZ0B53' , 'Renta Fija' , 98 );   
INSERT INTO ALLOCATIONS( ISIN , ALLOCATION , PORCENTAJE ) VALUES( 'IE00BGCZ0B53' , 'Renta Variable' , 0 ); 
INSERT INTO ALLOCATIONS( ISIN , ALLOCATION , PORCENTAJE ) VALUES( 'IE00BGCZ0B53' , 'Commodities' , 0 );  
INSERT INTO ALLOCATIONS( ISIN , ALLOCATION , PORCENTAJE ) VALUES( 'IE00BGCZ0B53' , 'Real State' , 0 );  

-- iShares Core MSCI World UCITS ETF USD
INSERT INTO ALLOCATIONS( ISIN , ALLOCATION , PORCENTAJE ) VALUES( 'IE00B4L5Y983' , 'Efectivo' , 2 ); 
INSERT INTO ALLOCATIONS( ISIN , ALLOCATION , PORCENTAJE ) VALUES( 'IE00B4L5Y983' , 'Renta Fija' , 0 );   
INSERT INTO ALLOCATIONS( ISIN , ALLOCATION , PORCENTAJE ) VALUES( 'IE00B4L5Y983' , 'Renta Variable' , 98 ); 
INSERT INTO ALLOCATIONS( ISIN , ALLOCATION , PORCENTAJE ) VALUES( 'IE00B4L5Y983' , 'Commodities' , 0 );  
INSERT INTO ALLOCATIONS( ISIN , ALLOCATION , PORCENTAJE ) VALUES( 'IE00B4L5Y983' , 'Real State' , 0 );

-- ITX
INSERT INTO ALLOCATIONS( ISIN , ALLOCATION , PORCENTAJE ) VALUES( 'ITX' , 'Efectivo' , 0 ); 
INSERT INTO ALLOCATIONS( ISIN , ALLOCATION , PORCENTAJE ) VALUES( 'ITX' , 'Renta Fija' , 0 );   
INSERT INTO ALLOCATIONS( ISIN , ALLOCATION , PORCENTAJE ) VALUES( 'ITX' , 'Renta Variable' , 100 ); 
INSERT INTO ALLOCATIONS( ISIN , ALLOCATION , PORCENTAJE ) VALUES( 'ITX' , 'Commodities' , 0 );  
INSERT INTO ALLOCATIONS( ISIN , ALLOCATION , PORCENTAJE ) VALUES( 'ITX' , 'Real State' , 0 );

-- ----------------------------------------------
-- ------------------ REGION --------------------
-- ----------------------------------------------

CREATE TABLE REGION(
REGION VARCHAR(30) NOT NULL,
COLOR VARCHAR(50) NOT NULL,
PRIMARY KEY(REGION));

INSERT INTO REGION( REGION , COLOR ) VALUES( 'Estados Unidos' , 'rgba( 19 , 6 , 120 , 1 )' );       -- AzulMarino
INSERT INTO REGION( REGION , COLOR ) VALUES( 'Canada' , 'rgba( 230 , 0 , 0 , 1 )' );        -- Rojo
INSERT INTO REGION( REGION , COLOR ) VALUES( 'Latino America' , 'rgba( 0 , 148 , 20 , 1 )' );     -- VerdeOscuro
INSERT INTO REGION( REGION , COLOR ) VALUES( 'Reino Unido' , 'rgba( 120 , 3 , 138 , 1 )' );        -- Violeta
INSERT INTO REGION( REGION , COLOR ) VALUES( 'Europa' , 'rgba( 52 , 215 , 247 , 1 )' );       -- AzulCeleste
INSERT INTO REGION( REGION , COLOR ) VALUES( 'Africa' , 'rgba( 230 , 174 , 44 , 1 )' );        -- Naranja
INSERT INTO REGION( REGION , COLOR ) VALUES( 'Oriente Medio' , 'rgba( 230 , 227 , 44 , 1 )' );     -- Amarillo
INSERT INTO REGION( REGION , COLOR ) VALUES( 'Japon' , 'rgba( 148 , 142 , 132 , 1 )' );        -- Plateado
INSERT INTO REGION( REGION , COLOR ) VALUES( 'Australia' , 'rgba( 138 , 122 , 3 , 1 )' );       -- Dorado
INSERT INTO REGION( REGION , COLOR ) VALUES( 'Asia' , 'rgba( 252 , 251 , 247 , 1 )' );        -- Blanco

CREATE TABLE REGIONES(
ISIN VARCHAR(30) NOT NULL,
REGION VARCHAR(30) NOT NULL,
PORCENTAJE FLOAT NOT NULL,
PRIMARY KEY( ISIN , REGION ));

ALTER TABLE REGIONES
ADD CONSTRAINT region_indice FOREIGN KEY(ISIN) REFERENCES INDICES(ISIN) ON DELETE CASCADE,
ADD CONSTRAINT region_region FOREIGN KEY(REGION) REFERENCES REGION(REGION) ON DELETE CASCADE;

-- Vanguard Global Stoks Index Fund Acumulation
INSERT INTO REGIONES( ISIN , REGION , PORCENTAJE ) VALUES( 'IE00B03HD191' , 'Estados Unidos' , 65 );
INSERT INTO REGIONES( ISIN , REGION , PORCENTAJE ) VALUES( 'IE00B03HD191' , 'Canada' , 3 );
INSERT INTO REGIONES( ISIN , REGION , PORCENTAJE ) VALUES( 'IE00B03HD191' , 'Latino America' , 0 );
INSERT INTO REGIONES( ISIN , REGION , PORCENTAJE ) VALUES( 'IE00B03HD191' , 'Reino Unido' , 5 );
INSERT INTO REGIONES( ISIN , REGION , PORCENTAJE ) VALUES( 'IE00B03HD191' , 'Europa' , 15 );
INSERT INTO REGIONES( ISIN , REGION , PORCENTAJE ) VALUES( 'IE00B03HD191' , 'Africa' , 0 );
INSERT INTO REGIONES( ISIN , REGION , PORCENTAJE ) VALUES( 'IE00B03HD191' , 'Oriente Medio' , 0 );
INSERT INTO REGIONES( ISIN , REGION , PORCENTAJE ) VALUES( 'IE00B03HD191' , 'Japon' , 8 );
INSERT INTO REGIONES( ISIN , REGION , PORCENTAJE ) VALUES( 'IE00B03HD191' , 'Australia' , 2 );
INSERT INTO REGIONES( ISIN , REGION , PORCENTAJE ) VALUES( 'IE00B03HD191' , 'Asia' , 2 );

INSERT INTO REGIONES( ISIN , REGION , PORCENTAJE ) VALUES( 'IE00BFPM9N11' , 'Estados Unidos' , 65 );
INSERT INTO REGIONES( ISIN , REGION , PORCENTAJE ) VALUES( 'IE00BFPM9N11' , 'Canada' , 3 );
INSERT INTO REGIONES( ISIN , REGION , PORCENTAJE ) VALUES( 'IE00BFPM9N11' , 'Latino America' , 0 );
INSERT INTO REGIONES( ISIN , REGION , PORCENTAJE ) VALUES( 'IE00BFPM9N11' , 'Reino Unido' , 5 );
INSERT INTO REGIONES( ISIN , REGION , PORCENTAJE ) VALUES( 'IE00BFPM9N11' , 'Europa' , 15 );
INSERT INTO REGIONES( ISIN , REGION , PORCENTAJE ) VALUES( 'IE00BFPM9N11' , 'Africa' , 0 );
INSERT INTO REGIONES( ISIN , REGION , PORCENTAJE ) VALUES( 'IE00BFPM9N11' , 'Oriente Medio' , 0 );
INSERT INTO REGIONES( ISIN , REGION , PORCENTAJE ) VALUES( 'IE00BFPM9N11' , 'Japon' , 8 );
INSERT INTO REGIONES( ISIN , REGION , PORCENTAJE ) VALUES( 'IE00BFPM9N11' , 'Australia' , 2 );
INSERT INTO REGIONES( ISIN , REGION , PORCENTAJE ) VALUES( 'IE00BFPM9N11' , 'Asia' , 2 );

-- iShares Core MSCI World UCITS ETF USD
INSERT INTO REGIONES( ISIN , REGION , PORCENTAJE ) VALUES( 'IE00B4L5Y983' , 'Estados Unidos' , 65 );
INSERT INTO REGIONES( ISIN , REGION , PORCENTAJE ) VALUES( 'IE00B4L5Y983' , 'Canada' , 3 );
INSERT INTO REGIONES( ISIN , REGION , PORCENTAJE ) VALUES( 'IE00B4L5Y983' , 'Latino America' , 0 );
INSERT INTO REGIONES( ISIN , REGION , PORCENTAJE ) VALUES( 'IE00B4L5Y983' , 'Reino Unido' , 5 );
INSERT INTO REGIONES( ISIN , REGION , PORCENTAJE ) VALUES( 'IE00B4L5Y983' , 'Europa' , 15 );
INSERT INTO REGIONES( ISIN , REGION , PORCENTAJE ) VALUES( 'IE00B4L5Y983' , 'Africa' , 0 );
INSERT INTO REGIONES( ISIN , REGION , PORCENTAJE ) VALUES( 'IE00B4L5Y983' , 'Oriente Medio' , 0 );
INSERT INTO REGIONES( ISIN , REGION , PORCENTAJE ) VALUES( 'IE00B4L5Y983' , 'Japon' , 8 );
INSERT INTO REGIONES( ISIN , REGION , PORCENTAJE ) VALUES( 'IE00B4L5Y983' , 'Australia' , 2 );
INSERT INTO REGIONES( ISIN , REGION , PORCENTAJE ) VALUES( 'IE00B4L5Y983' , 'Asia' , 2 );

-- Vanguard Global Bonds Index Fund Acumulation
INSERT INTO REGIONES( ISIN , REGION , PORCENTAJE ) VALUES( 'IE00B18GC888' , 'Estados Unidos' , 42 );
INSERT INTO REGIONES( ISIN , REGION , PORCENTAJE ) VALUES( 'IE00B18GC888' , 'Canada' , 4 );
INSERT INTO REGIONES( ISIN , REGION , PORCENTAJE ) VALUES( 'IE00B18GC888' , 'Latino America' , 2 );
INSERT INTO REGIONES( ISIN , REGION , PORCENTAJE ) VALUES( 'IE00B18GC888' , 'Reino Unido' , 5 );
INSERT INTO REGIONES( ISIN , REGION , PORCENTAJE ) VALUES( 'IE00B18GC888' , 'Europa' , 31 );
INSERT INTO REGIONES( ISIN , REGION , PORCENTAJE ) VALUES( 'IE00B18GC888' , 'Africa' , 1 );
INSERT INTO REGIONES( ISIN , REGION , PORCENTAJE ) VALUES( 'IE00B18GC888' , 'Oriente Medio' , 1 );
INSERT INTO REGIONES( ISIN , REGION , PORCENTAJE ) VALUES( 'IE00B18GC888' , 'Japon' , 10 );
INSERT INTO REGIONES( ISIN , REGION , PORCENTAJE ) VALUES( 'IE00B18GC888' , 'Australia' , 2 );
INSERT INTO REGIONES( ISIN , REGION , PORCENTAJE ) VALUES( 'IE00B18GC888' , 'Asia' , 2 );

INSERT INTO REGIONES( ISIN , REGION , PORCENTAJE ) VALUES( 'IE00BGCZ0B53' , 'Estados Unidos' , 42 );
INSERT INTO REGIONES( ISIN , REGION , PORCENTAJE ) VALUES( 'IE00BGCZ0B53' , 'Canada' , 4 );
INSERT INTO REGIONES( ISIN , REGION , PORCENTAJE ) VALUES( 'IE00BGCZ0B53' , 'Latino America' , 2 );
INSERT INTO REGIONES( ISIN , REGION , PORCENTAJE ) VALUES( 'IE00BGCZ0B53' , 'Reino Unido' , 5 );
INSERT INTO REGIONES( ISIN , REGION , PORCENTAJE ) VALUES( 'IE00BGCZ0B53' , 'Europa' , 31 );
INSERT INTO REGIONES( ISIN , REGION , PORCENTAJE ) VALUES( 'IE00BGCZ0B53' , 'Africa' , 1 );
INSERT INTO REGIONES( ISIN , REGION , PORCENTAJE ) VALUES( 'IE00BGCZ0B53' , 'Oriente Medio' , 1 );
INSERT INTO REGIONES( ISIN , REGION , PORCENTAJE ) VALUES( 'IE00BGCZ0B53' , 'Japon' , 10 );
INSERT INTO REGIONES( ISIN , REGION , PORCENTAJE ) VALUES( 'IE00BGCZ0B53' , 'Australia' , 2 );
INSERT INTO REGIONES( ISIN , REGION , PORCENTAJE ) VALUES( 'IE00BGCZ0B53' , 'Asia' , 2 );

-- ITX
INSERT INTO REGIONES( ISIN , REGION , PORCENTAJE ) VALUES( 'ITX' , 'Estados Unidos' , 15 );
INSERT INTO REGIONES( ISIN , REGION , PORCENTAJE ) VALUES( 'ITX' , 'Canada' , 0 );
INSERT INTO REGIONES( ISIN , REGION , PORCENTAJE ) VALUES( 'ITX' , 'Latino America' , 0 );
INSERT INTO REGIONES( ISIN , REGION , PORCENTAJE ) VALUES( 'ITX' , 'Reino Unido' , 0 );
INSERT INTO REGIONES( ISIN , REGION , PORCENTAJE ) VALUES( 'ITX' , 'Europa' , 60 );
INSERT INTO REGIONES( ISIN , REGION , PORCENTAJE ) VALUES( 'ITX' , 'Africa' , 0 );
INSERT INTO REGIONES( ISIN , REGION , PORCENTAJE ) VALUES( 'ITX' , 'Oriente Medio' , 0 );
INSERT INTO REGIONES( ISIN , REGION , PORCENTAJE ) VALUES( 'ITX' , 'Japon' , 0 );
INSERT INTO REGIONES( ISIN , REGION , PORCENTAJE ) VALUES( 'ITX' , 'Australia' , 0 );
INSERT INTO REGIONES( ISIN , REGION , PORCENTAJE ) VALUES( 'ITX' , 'Asia' , 25 );

-- ----------------------------------------------
-- ------------------ SECTOR --------------------
-- ----------------------------------------------

CREATE TABLE SECTOR(
SECTOR VARCHAR(30) NOT NULL,
COLOR VARCHAR(50) NOT NULL,
PRIMARY KEY(SECTOR));

INSERT INTO SECTOR( SECTOR , COLOR ) VALUES( 'Materiales Primas' , 'rgba( 19 , 6 , 120 , 1 )' );       -- AzulMarino
INSERT INTO SECTOR( SECTOR , COLOR ) VALUES( 'Consumo Ciclico' , 'rgba( 230 , 0 , 0 , 1 )' );        -- Rojo
INSERT INTO SECTOR( SECTOR , COLOR ) VALUES( 'Financiero y Asegurador' , 'rgba( 0 , 148 , 20 , 1 )' );     -- VerdeOscuro
INSERT INTO SECTOR( SECTOR , COLOR ) VALUES( 'Inmoviliario' , 'rgba( 120 , 3 , 138 , 1 )' );        -- Violeta
INSERT INTO SECTOR( SECTOR , COLOR ) VALUES( 'Consumo Defensivo' , 'rgba( 52 , 215 , 247 , 1 )' );       -- AzulCeleste
INSERT INTO SECTOR( SECTOR , COLOR ) VALUES( 'Salud' , 'rgba( 230 , 174 , 44 , 1 )' );        -- Naranja
INSERT INTO SECTOR( SECTOR , COLOR ) VALUES( 'Servivicios Publicos' , 'rgba( 230 , 227 , 44 , 1 )' );     -- Amarillo
INSERT INTO SECTOR( SECTOR , COLOR ) VALUES( 'Servivicios Comunicacion' , 'rgba( 148 , 142 , 132 , 1 )' );        -- Plateado
INSERT INTO SECTOR( SECTOR , COLOR ) VALUES( 'Energia' , 'rgba( 138 , 122 , 3 , 1 )' );       -- Dorado
INSERT INTO SECTOR( SECTOR , COLOR ) VALUES( 'Industria' , 'rgba( 252 , 251 , 247 , 1 )' );        -- Blanco
INSERT INTO SECTOR( SECTOR , COLOR ) VALUES( 'Tecnologia' , 'rgba( 79 , 179 , 155 , 1 )' );        -- VerdeAzulado

CREATE TABLE SECTORES(
ISIN VARCHAR(30) NOT NULL,
SECTOR VARCHAR(30) NOT NULL,
PORCENTAJE FLOAT NOT NULL,
PRIMARY KEY( ISIN , SECTOR ));

ALTER TABLE SECTORES
ADD CONSTRAINT sector_indice FOREIGN KEY(ISIN) REFERENCES INDICES(ISIN) ON DELETE CASCADE,
ADD CONSTRAINT sector_sector FOREIGN KEY(SECTOR) REFERENCES SECTOR(SECTOR) ON DELETE CASCADE;

-- Vanguard Global Stoks Index Fund Acumulation
INSERT INTO SECTORES( ISIN , SECTOR , PORCENTAJE ) VALUES( 'IE00B03HD191' , 'Materiales Primas' , 4 );  
INSERT INTO SECTORES( ISIN , SECTOR , PORCENTAJE ) VALUES( 'IE00B03HD191' , 'Consumo Ciclico' , 10 );   
INSERT INTO SECTORES( ISIN , SECTOR , PORCENTAJE ) VALUES( 'IE00B03HD191' , 'Financiero y Asegurador' ,15 );    
INSERT INTO SECTORES( ISIN , SECTOR , PORCENTAJE ) VALUES( 'IE00B03HD191' , 'Inmoviliario' , 3 );    
INSERT INTO SECTORES( ISIN , SECTOR , PORCENTAJE ) VALUES( 'IE00B03HD191' , 'Consumo Defensivo' , 9 );    
INSERT INTO SECTORES( ISIN , SECTOR , PORCENTAJE ) VALUES( 'IE00B03HD191' , 'Salud' , 15 );     
INSERT INTO SECTORES( ISIN , SECTOR , PORCENTAJE ) VALUES( 'IE00B03HD191' , 'Servivicios Publicos' , 3 );  
INSERT INTO SECTORES( ISIN , SECTOR , PORCENTAJE ) VALUES( 'IE00B03HD191' , 'Servivicios Comunicacion' , 9 ); 
INSERT INTO SECTORES( ISIN , SECTOR , PORCENTAJE ) VALUES( 'IE00B03HD191' , 'Energia' , 4 );    
INSERT INTO SECTORES( ISIN , SECTOR , PORCENTAJE ) VALUES( 'IE00B03HD191' , 'Industria' , 10 );   
INSERT INTO SECTORES( ISIN , SECTOR , PORCENTAJE ) VALUES( 'IE00B03HD191' , 'Tecnologia' , 18  ); 

INSERT INTO SECTORES( ISIN , SECTOR , PORCENTAJE ) VALUES( 'IE00BFPM9N11' , 'Materiales Primas' , 4 );  
INSERT INTO SECTORES( ISIN , SECTOR , PORCENTAJE ) VALUES( 'IE00BFPM9N11' , 'Consumo Ciclico' , 10 );   
INSERT INTO SECTORES( ISIN , SECTOR , PORCENTAJE ) VALUES( 'IE00BFPM9N11' , 'Financiero y Asegurador' ,15 );    
INSERT INTO SECTORES( ISIN , SECTOR , PORCENTAJE ) VALUES( 'IE00BFPM9N11' , 'Inmoviliario' , 3 );    
INSERT INTO SECTORES( ISIN , SECTOR , PORCENTAJE ) VALUES( 'IE00BFPM9N11' , 'Consumo Defensivo' , 9 );    
INSERT INTO SECTORES( ISIN , SECTOR , PORCENTAJE ) VALUES( 'IE00BFPM9N11' , 'Salud' , 15 );     
INSERT INTO SECTORES( ISIN , SECTOR , PORCENTAJE ) VALUES( 'IE00BFPM9N11' , 'Servivicios Publicos' , 3 );  
INSERT INTO SECTORES( ISIN , SECTOR , PORCENTAJE ) VALUES( 'IE00BFPM9N11' , 'Servivicios Comunicacion' , 9 ); 
INSERT INTO SECTORES( ISIN , SECTOR , PORCENTAJE ) VALUES( 'IE00BFPM9N11' , 'Energia' , 4 );    
INSERT INTO SECTORES( ISIN , SECTOR , PORCENTAJE ) VALUES( 'IE00BFPM9N11' , 'Industria' , 10 );   
INSERT INTO SECTORES( ISIN , SECTOR , PORCENTAJE ) VALUES( 'IE00BFPM9N11' , 'Tecnologia' , 18  );

-- iShares Core MSCI World UCITS ETF USD
INSERT INTO SECTORES( ISIN , SECTOR , PORCENTAJE ) VALUES( 'IE00B4L5Y983' , 'Materiales Primas' , 4 );  
INSERT INTO SECTORES( ISIN , SECTOR , PORCENTAJE ) VALUES( 'IE00B4L5Y983' , 'Consumo Ciclico' , 10 );   
INSERT INTO SECTORES( ISIN , SECTOR , PORCENTAJE ) VALUES( 'IE00B4L5Y983' , 'Financiero y Asegurador' ,15 );    
INSERT INTO SECTORES( ISIN , SECTOR , PORCENTAJE ) VALUES( 'IE00B4L5Y983' , 'Inmoviliario' , 3 );    
INSERT INTO SECTORES( ISIN , SECTOR , PORCENTAJE ) VALUES( 'IE00B4L5Y983' , 'Consumo Defensivo' , 9 );    
INSERT INTO SECTORES( ISIN , SECTOR , PORCENTAJE ) VALUES( 'IE00B4L5Y983' , 'Salud' , 15 );     
INSERT INTO SECTORES( ISIN , SECTOR , PORCENTAJE ) VALUES( 'IE00B4L5Y983' , 'Servivicios Publicos' , 3 );  
INSERT INTO SECTORES( ISIN , SECTOR , PORCENTAJE ) VALUES( 'IE00B4L5Y983' , 'Servivicios Comunicacion' , 9 ); 
INSERT INTO SECTORES( ISIN , SECTOR , PORCENTAJE ) VALUES( 'IE00B4L5Y983' , 'Energia' , 4 );    
INSERT INTO SECTORES( ISIN , SECTOR , PORCENTAJE ) VALUES( 'IE00B4L5Y983' , 'Industria' , 10 );   
INSERT INTO SECTORES( ISIN , SECTOR , PORCENTAJE ) VALUES( 'IE00B4L5Y983' , 'Tecnologia' , 18  );

-- ITX
INSERT INTO SECTORES( ISIN , SECTOR , PORCENTAJE ) VALUES( 'ITX' , 'Materiales Primas' , 0 );  
INSERT INTO SECTORES( ISIN , SECTOR , PORCENTAJE ) VALUES( 'ITX' , 'Consumo Ciclico' , 0 );   
INSERT INTO SECTORES( ISIN , SECTOR , PORCENTAJE ) VALUES( 'ITX' , 'Financiero y Asegurador' ,0 );    
INSERT INTO SECTORES( ISIN , SECTOR , PORCENTAJE ) VALUES( 'ITX' , 'Inmoviliario' , 0 );    
INSERT INTO SECTORES( ISIN , SECTOR , PORCENTAJE ) VALUES( 'ITX' , 'Consumo Defensivo' , 0 );    
INSERT INTO SECTORES( ISIN , SECTOR , PORCENTAJE ) VALUES( 'ITX' , 'Salud' , 0 );     
INSERT INTO SECTORES( ISIN , SECTOR , PORCENTAJE ) VALUES( 'ITX' , 'Servivicios Publicos' , 0 );  
INSERT INTO SECTORES( ISIN , SECTOR , PORCENTAJE ) VALUES( 'ITX' , 'Servivicios Comunicacion' , 0 ); 
INSERT INTO SECTORES( ISIN , SECTOR , PORCENTAJE ) VALUES( 'ITX' , 'Energia' , 0 );    
INSERT INTO SECTORES( ISIN , SECTOR , PORCENTAJE ) VALUES( 'ITX' , 'Industria' , 100 );   
INSERT INTO SECTORES( ISIN , SECTOR , PORCENTAJE ) VALUES( 'ITX' , 'Tecnologia' , 0  );
   
-- ----------------------------------------------
-- -------------- CAPITALIZACION ----------------
-- ----------------------------------------------

CREATE TABLE CAPITALIZACION(
CAPITALIZACION VARCHAR(30) NOT NULL,
COLOR VARCHAR(50) NOT NULL,
PRIMARY KEY(CAPITALIZACION));

INSERT INTO CAPITALIZACION( CAPITALIZACION , COLOR ) VALUES( 'Gigante' , 'rgba( 19 , 6 , 120 , 1 )' );       -- AzulMarino
INSERT INTO CAPITALIZACION( CAPITALIZACION , COLOR ) VALUES( 'Grande' , 'rgba( 230 , 0 , 0 , 1 )' );        -- Rojo
INSERT INTO CAPITALIZACION( CAPITALIZACION , COLOR ) VALUES( 'Mediano' , 'rgba( 0 , 148 , 20 , 1 )' );     -- VerdeOscuro
INSERT INTO CAPITALIZACION( CAPITALIZACION , COLOR ) VALUES( 'Pequeño' , 'rgba( 120 , 3 , 138 , 1 )' );        -- Violeta
INSERT INTO CAPITALIZACION( CAPITALIZACION , COLOR ) VALUES( 'Micro' , 'rgba( 52 , 215 , 247 , 1 )' );       -- AzulCeleste

CREATE TABLE CAPITALIZACIONES(
ISIN VARCHAR(30) NOT NULL,
CAPITALIZACION VARCHAR(30) NOT NULL,
PORCENTAJE FLOAT NOT NULL,
PRIMARY KEY( ISIN , CAPITALIZACION ));

ALTER TABLE CAPITALIZACIONES
ADD CONSTRAINT capitalizacion_indice FOREIGN KEY(ISIN) REFERENCES INDICES(ISIN) ON DELETE CASCADE,
ADD CONSTRAINT capitalizacion_capitalizacion FOREIGN KEY(CAPITALIZACION) REFERENCES CAPITALIZACION(CAPITALIZACION) ON DELETE CASCADE;

-- Vanguard Global Stoks Index Fund Acumulation
INSERT INTO CAPITALIZACIONES( ISIN , CAPITALIZACION , PORCENTAJE ) VALUES( 'IE00B03HD191' , 'Gigante' , 48 );    
INSERT INTO CAPITALIZACIONES( ISIN , CAPITALIZACION , PORCENTAJE ) VALUES( 'IE00B03HD191' , 'Grande' , 37 );     
INSERT INTO CAPITALIZACIONES( ISIN , CAPITALIZACION , PORCENTAJE ) VALUES( 'IE00B03HD191' , 'Mediano' , 16 );  
INSERT INTO CAPITALIZACIONES( ISIN , CAPITALIZACION , PORCENTAJE ) VALUES( 'IE00B03HD191' , 'Pequeño' , 0 );    
INSERT INTO CAPITALIZACIONES( ISIN , CAPITALIZACION , PORCENTAJE ) VALUES( 'IE00B03HD191' , 'Micro' , 0 );

INSERT INTO CAPITALIZACIONES( ISIN , CAPITALIZACION , PORCENTAJE ) VALUES( 'IE00BFPM9N11' , 'Gigante' , 48 );    
INSERT INTO CAPITALIZACIONES( ISIN , CAPITALIZACION , PORCENTAJE ) VALUES( 'IE00BFPM9N11' , 'Grande' , 37 );     
INSERT INTO CAPITALIZACIONES( ISIN , CAPITALIZACION , PORCENTAJE ) VALUES( 'IE00BFPM9N11' , 'Mediano' , 16 );  
INSERT INTO CAPITALIZACIONES( ISIN , CAPITALIZACION , PORCENTAJE ) VALUES( 'IE00BFPM9N11' , 'Pequeño' , 0 );    
INSERT INTO CAPITALIZACIONES( ISIN , CAPITALIZACION , PORCENTAJE ) VALUES( 'IE00BFPM9N11' , 'Micro' , 0 );   

-- iShares Core MSCI World UCITS ETF USD
INSERT INTO CAPITALIZACIONES( ISIN , CAPITALIZACION , PORCENTAJE ) VALUES( 'IE00B4L5Y983' , 'Gigante' , 48 );    
INSERT INTO CAPITALIZACIONES( ISIN , CAPITALIZACION , PORCENTAJE ) VALUES( 'IE00B4L5Y983' , 'Grande' , 37 );     
INSERT INTO CAPITALIZACIONES( ISIN , CAPITALIZACION , PORCENTAJE ) VALUES( 'IE00B4L5Y983' , 'Mediano' , 16 );  
INSERT INTO CAPITALIZACIONES( ISIN , CAPITALIZACION , PORCENTAJE ) VALUES( 'IE00B4L5Y983' , 'Pequeño' , 0 );    
INSERT INTO CAPITALIZACIONES( ISIN , CAPITALIZACION , PORCENTAJE ) VALUES( 'IE00B4L5Y983' , 'Micro' , 0 ); 

-- ITX
INSERT INTO CAPITALIZACIONES( ISIN , CAPITALIZACION , PORCENTAJE ) VALUES( 'ITX' , 'Gigante' , 100 );    
INSERT INTO CAPITALIZACIONES( ISIN , CAPITALIZACION , PORCENTAJE ) VALUES( 'ITX' , 'Grande' , 0 );     
INSERT INTO CAPITALIZACIONES( ISIN , CAPITALIZACION , PORCENTAJE ) VALUES( 'ITX' , 'Mediano' , 0 );  
INSERT INTO CAPITALIZACIONES( ISIN , CAPITALIZACION , PORCENTAJE ) VALUES( 'ITX' , 'Pequeño' , 0 );    
INSERT INTO CAPITALIZACIONES( ISIN , CAPITALIZACION , PORCENTAJE ) VALUES( 'ITX' , 'Micro' , 0 );

-- ----------------------------------------------
-- --------------- VENCIMIENTO ------------------
-- ----------------------------------------------

CREATE TABLE VENCIMIENTO(
VENCIMIENTO VARCHAR(30) NOT NULL,
COLOR VARCHAR(50) NOT NULL,
PRIMARY KEY(VENCIMIENTO));

INSERT INTO VENCIMIENTO( VENCIMIENTO , COLOR ) VALUES( '1 a 3' , 'rgba( 19 , 6 , 120 , 1 )' );       -- AzulMarino
INSERT INTO VENCIMIENTO( VENCIMIENTO , COLOR ) VALUES( '3 a 5' , 'rgba( 230 , 0 , 0 , 1 )' );        -- Rojo
INSERT INTO VENCIMIENTO( VENCIMIENTO , COLOR ) VALUES( '5 a 7' , 'rgba( 0 , 148 , 20 , 1 )' );     -- VerdeOscuro
INSERT INTO VENCIMIENTO( VENCIMIENTO , COLOR ) VALUES( '7 a 10' , 'rgba( 120 , 3 , 138 , 1 )' );        -- Violeta
INSERT INTO VENCIMIENTO( VENCIMIENTO , COLOR ) VALUES( '10 a 15' , 'rgba( 52 , 215 , 247 , 1 )' );       -- AzulCeleste
INSERT INTO VENCIMIENTO( VENCIMIENTO , COLOR ) VALUES( '15 a 20' , 'rgba( 230 , 174 , 44 , 1 )' );        -- Naranja
INSERT INTO VENCIMIENTO( VENCIMIENTO , COLOR ) VALUES( '20 a 30' , 'rgba( 230 , 227 , 44 , 1 )' );     -- Amarillo
INSERT INTO VENCIMIENTO( VENCIMIENTO , COLOR ) VALUES( 'mas de 30' , 'rgba( 148 , 142 , 132 , 1 )' );        -- Plateado

CREATE TABLE VENCIMIENTOS(
ISIN VARCHAR(30) NOT NULL,
VENCIMIENTO VARCHAR(30) NOT NULL,
PORCENTAJE FLOAT NOT NULL,
PRIMARY KEY( ISIN , VENCIMIENTO ));

ALTER TABLE VENCIMIENTOS
ADD CONSTRAINT vencimiento_indice FOREIGN KEY(ISIN) REFERENCES INDICES(ISIN) ON DELETE CASCADE,
ADD CONSTRAINT vencimiento_vencimiento FOREIGN KEY(VENCIMIENTO) REFERENCES VENCIMIENTO(VENCIMIENTO) ON DELETE CASCADE;

-- Vanguard Global Bonds Index Fund Acumulation
INSERT INTO VENCIMIENTOS( ISIN , VENCIMIENTO , PORCENTAJE ) VALUES( 'IE00B18GC888' , '1 a 3' , 20 );    
INSERT INTO VENCIMIENTOS( ISIN , VENCIMIENTO , PORCENTAJE ) VALUES( 'IE00B18GC888' , '3 a 5' , 18 );   
INSERT INTO VENCIMIENTOS( ISIN , VENCIMIENTO , PORCENTAJE ) VALUES( 'IE00B18GC888' , '5 a 7' , 12 );  
INSERT INTO VENCIMIENTOS( ISIN , VENCIMIENTO , PORCENTAJE ) VALUES( 'IE00B18GC888' , '7 a 10' , 13 );    
INSERT INTO VENCIMIENTOS( ISIN , VENCIMIENTO , PORCENTAJE ) VALUES( 'IE00B18GC888' , '10 a 15' , 7 );   
INSERT INTO VENCIMIENTOS( ISIN , VENCIMIENTO , PORCENTAJE ) VALUES( 'IE00B18GC888' , '15 a 20' , 6 );   
INSERT INTO VENCIMIENTOS( ISIN , VENCIMIENTO , PORCENTAJE ) VALUES( 'IE00B18GC888' , '20 a 30' , 20 );   
INSERT INTO VENCIMIENTOS( ISIN , VENCIMIENTO , PORCENTAJE ) VALUES( 'IE00B18GC888' , 'mas de 30' , 4 );

INSERT INTO VENCIMIENTOS( ISIN , VENCIMIENTO , PORCENTAJE ) VALUES( 'IE00BGCZ0B53' , '1 a 3' , 20 );    
INSERT INTO VENCIMIENTOS( ISIN , VENCIMIENTO , PORCENTAJE ) VALUES( 'IE00BGCZ0B53' , '3 a 5' , 18 );   
INSERT INTO VENCIMIENTOS( ISIN , VENCIMIENTO , PORCENTAJE ) VALUES( 'IE00BGCZ0B53' , '5 a 7' , 12 );  
INSERT INTO VENCIMIENTOS( ISIN , VENCIMIENTO , PORCENTAJE ) VALUES( 'IE00BGCZ0B53' , '7 a 10' , 13 );    
INSERT INTO VENCIMIENTOS( ISIN , VENCIMIENTO , PORCENTAJE ) VALUES( 'IE00BGCZ0B53' , '10 a 15' , 7 );   
INSERT INTO VENCIMIENTOS( ISIN , VENCIMIENTO , PORCENTAJE ) VALUES( 'IE00BGCZ0B53' , '15 a 20' , 6 );   
INSERT INTO VENCIMIENTOS( ISIN , VENCIMIENTO , PORCENTAJE ) VALUES( 'IE00BGCZ0B53' , '20 a 30' , 20 );   
INSERT INTO VENCIMIENTOS( ISIN , VENCIMIENTO , PORCENTAJE ) VALUES( 'IE00BGCZ0B53' , 'mas de 30' , 4 );    

-- ----------------------------------------------
-- ------------ CALIDAD CREDITICIA --------------
-- ----------------------------------------------

CREATE TABLE CALIDAD(
CALIDAD VARCHAR(30) NOT NULL,
COLOR VARCHAR(50) NOT NULL,
PRIMARY KEY(CALIDAD));

INSERT INTO CALIDAD( CALIDAD , COLOR ) VALUES( 'AAA' , 'rgba( 19 , 6 , 120 , 1 )' );       -- AzulMarino
INSERT INTO CALIDAD( CALIDAD , COLOR ) VALUES( 'AA' , 'rgba( 230 , 0 , 0 , 1 )' );        -- Rojo
INSERT INTO CALIDAD( CALIDAD , COLOR ) VALUES( 'A' , 'rgba( 0 , 148 , 20 , 1 )' );     -- VerdeOscuro
INSERT INTO CALIDAD( CALIDAD , COLOR ) VALUES( 'B' , 'rgba( 120 , 3 , 138 , 1 )' );        -- Violeta
INSERT INTO CALIDAD( CALIDAD , COLOR ) VALUES( 'BB' , 'rgba( 52 , 215 , 247 , 1 )' );       -- AzulCeleste
INSERT INTO CALIDAD( CALIDAD , COLOR ) VALUES( 'BBB' , 'rgba( 230 , 174 , 44 , 1 )' );        -- Naranja
INSERT INTO CALIDAD( CALIDAD , COLOR ) VALUES( 'Ninguna' , 'rgba( 230 , 227 , 44 , 1 )' );     -- Amarillo

CREATE TABLE CALIDADES(
ISIN VARCHAR(30) NOT NULL,
CALIDAD VARCHAR(30) NOT NULL,
PORCENTAJE FLOAT NOT NULL,
PRIMARY KEY( ISIN , CALIDAD ));

ALTER TABLE CALIDADES
ADD CONSTRAINT calidad_indice FOREIGN KEY(ISIN) REFERENCES INDICES(ISIN) ON DELETE CASCADE,
ADD CONSTRAINT calidad_calidad FOREIGN KEY(CALIDAD) REFERENCES CALIDAD(CALIDAD) ON DELETE CASCADE;

-- Vanguard Global Bonds Index Fund Acumulation
INSERT INTO CALIDADES( ISIN , CALIDAD , PORCENTAJE ) VALUES( 'IE00B18GC888' , 'AAA' , 42 );
INSERT INTO CALIDADES( ISIN , CALIDAD , PORCENTAJE ) VALUES( 'IE00B18GC888' , 'AA' , 16 );   
INSERT INTO CALIDADES( ISIN , CALIDAD , PORCENTAJE ) VALUES( 'IE00B18GC888' , 'A' , 24 );  
INSERT INTO CALIDADES( ISIN , CALIDAD , PORCENTAJE ) VALUES( 'IE00B18GC888' , 'B' , 18 );  
INSERT INTO CALIDADES( ISIN , CALIDAD , PORCENTAJE ) VALUES( 'IE00B18GC888' , 'BB' , 0 );   
INSERT INTO CALIDADES( ISIN , CALIDAD , PORCENTAJE ) VALUES( 'IE00B18GC888' , 'BBB' , 0 );   
INSERT INTO CALIDADES( ISIN , CALIDAD , PORCENTAJE ) VALUES( 'IE00B18GC888' , 'Ninguna' , 0 );  

INSERT INTO CALIDADES( ISIN , CALIDAD , PORCENTAJE ) VALUES( 'IE00BGCZ0B53' , 'AAA' , 42 );
INSERT INTO CALIDADES( ISIN , CALIDAD , PORCENTAJE ) VALUES( 'IE00BGCZ0B53' , 'AA' , 16 );   
INSERT INTO CALIDADES( ISIN , CALIDAD , PORCENTAJE ) VALUES( 'IE00BGCZ0B53' , 'A' , 24 );  
INSERT INTO CALIDADES( ISIN , CALIDAD , PORCENTAJE ) VALUES( 'IE00BGCZ0B53' , 'B' , 18 );  
INSERT INTO CALIDADES( ISIN , CALIDAD , PORCENTAJE ) VALUES( 'IE00BGCZ0B53' , 'BB' , 0 );   
INSERT INTO CALIDADES( ISIN , CALIDAD , PORCENTAJE ) VALUES( 'IE00BGCZ0B53' , 'BBB' , 0 );   
INSERT INTO CALIDADES( ISIN , CALIDAD , PORCENTAJE ) VALUES( 'IE00BGCZ0B53' , 'Ninguna' , 0 ); 

-- ----------------------------------------------
-- -------------- ENTIDAD EMISORA ---------------
-- ----------------------------------------------

CREATE TABLE ENTIDAD(
ENTIDAD VARCHAR(30) NOT NULL,
COLOR VARCHAR(50) NOT NULL,
PRIMARY KEY(ENTIDAD));

INSERT INTO ENTIDAD( ENTIDAD , COLOR ) VALUES( 'Institucional' , 'rgba( 19 , 6 , 120 , 1 )' );       -- AzulMarino
INSERT INTO ENTIDAD( ENTIDAD , COLOR ) VALUES( 'Gurnamental' , 'rgba( 230 , 0 , 0 , 1 )' );        -- Rojo

CREATE TABLE ENTIDADES(
ISIN VARCHAR(30) NOT NULL,
ENTIDAD VARCHAR(30) NOT NULL,
PORCENTAJE FLOAT NOT NULL,
PRIMARY KEY( ISIN , ENTIDAD ));

ALTER TABLE ENTIDADES
ADD CONSTRAINT entidad_indice FOREIGN KEY(ISIN) REFERENCES INDICES(ISIN) ON DELETE CASCADE,
ADD CONSTRAINT entidad_entidad FOREIGN KEY(ENTIDAD) REFERENCES ENTIDAD(ENTIDAD) ON DELETE CASCADE;

INSERT INTO ENTIDADES( ISIN , ENTIDAD , PORCENTAJE ) VALUES( 'IE00B18GC888' , 'Institucional' , 100 );    
INSERT INTO ENTIDADES( ISIN , ENTIDAD , PORCENTAJE ) VALUES( 'IE00B18GC888' , 'Gurnamental' , 0 ); 

INSERT INTO ENTIDADES( ISIN , ENTIDAD , PORCENTAJE ) VALUES( 'IE00BGCZ0B53' , 'Institucional' , 100 );    
INSERT INTO ENTIDADES( ISIN , ENTIDAD , PORCENTAJE ) VALUES( 'IE00BGCZ0B53' , 'Gurnamental' , 0 );

-- ----------------------------------------------
-- --------------- CLASIFICACION ----------------
-- ----------------------------------------------

CREATE TABLE CLASIFICACION(
CLASIFICACION VARCHAR(100) NOT NULL,
COLOR VARCHAR(50) NOT NULL,
PRIMARY KEY(CLASIFICACION));

INSERT INTO CLASIFICACION( CLASIFICACION , COLOR ) VALUES( 'Salario' , 'rgba( 255 , 255 , 255 , 1 )' ); -- Blanco
INSERT INTO CLASIFICACION( CLASIFICACION , COLOR ) VALUES( 'Vivienda' , 'rgba( 0 , 12 , 173 , 1 )' ); -- Azulmarino
INSERT INTO CLASIFICACION( CLASIFICACION , COLOR ) VALUES( 'Facturas' , 'rgba( 0 , 98 , 173 , 1 )' );  -- Azul
INSERT INTO CLASIFICACION( CLASIFICACION , COLOR ) VALUES( 'Gastos' , 'rgba( 2 , 186 , 199 , 1 )' );   -- AzulCeleste
INSERT INTO CLASIFICACION( CLASIFICACION , COLOR ) VALUES( 'Compras' , 'rgba( 2 , 199 , 166 , 1 )' ); -- AzulVerdoso
INSERT INTO CLASIFICACION( CLASIFICACION , COLOR ) VALUES( 'Transporte' , 'rgba( 2 , 199 , 94 , 1 )' ); -- VerdeAzulado
INSERT INTO CLASIFICACION( CLASIFICACION , COLOR ) VALUES( 'Viajes' , 'rgba( 7 , 181 , 42 , 1 )' );  -- VerdeEsmeralda
INSERT INTO CLASIFICACION( CLASIFICACION , COLOR ) VALUES( 'Ocio' , 'rgba( 150 , 224 , 0  , 1 )' );   -- VerdeLima
INSERT INTO CLASIFICACION( CLASIFICACION , COLOR ) VALUES( 'Caprichos' , 'rgba( 217 , 237 , 0 , 1 )' ); -- Amarillo
INSERT INTO CLASIFICACION( CLASIFICACION , COLOR ) VALUES( 'Regalos' , 'rgba( 138 , 122 , 3 , 1 )' ); -- Dorado
INSERT INTO CLASIFICACION( CLASIFICACION , COLOR ) VALUES( 'Banco' , 'rgba( 97 , 23 , 2 , 1 )' );  -- Marron
INSERT INTO CLASIFICACION( CLASIFICACION , COLOR ) VALUES( 'Multas' , 'rgba( 179 , 116 , 0 , 1 )' );   -- Naranja
INSERT INTO CLASIFICACION( CLASIFICACION , COLOR ) VALUES( 'Apuestas' , 'rgba( 179 , 36 , 0 , 1 )' ); -- Rojo
INSERT INTO CLASIFICACION( CLASIFICACION , COLOR ) VALUES( 'Inversion' , 'rgba( 173 , 3 , 88 , 1 )' ); -- Fuxia
INSERT INTO CLASIFICACION( CLASIFICACION , COLOR ) VALUES( 'Estudios' , 'rgba( 120 , 3 , 138 , 1 )' );   -- Violeta
INSERT INTO CLASIFICACION( CLASIFICACION , COLOR ) VALUES( 'Salud' , 'rgba( 119 , 0 , 237 , 1 )' ); -- VioletaOscuro

-- ----------------------------------------------
-- ------------ FINANZAS PERSONALES -------------
-- ----------------------------------------------

CREATE TABLE FINANZAS_PERSONALES(
FECHA DATE NOT NULL,
CLASIFICACION VARCHAR(30) NOT NULL, 
ASUNTO VARCHAR(30) NOT NULL,
DESCRIPCION VARCHAR(100) NOT NULL,
GASTO FLOAT NOT NULL,
INGRESO FLOAT NOT NULL,
PRIMARY KEY(FECHA,CLASIFICACION,ASUNTO,DESCRIPCION,GASTO,INGRESO));

ALTER TABLE FINANZAS_PERSONALES
ADD CONSTRAINT aportacion_finanzas FOREIGN KEY(CLASIFICACION) REFERENCES CLASIFICACION(CLASIFICACION) ON DELETE CASCADE;

INSERT INTO FINANZAS_PERSONALES( FECHA , CLASIFICACION , ASUNTO , DESCRIPCION , GASTO , INGRESO )VALUES('2016-4-29' , 'Transporte' , 'Autobus' , 'Hospital Ribera - Estacion Renfe' , 0.7 , 0.0   );
INSERT INTO FINANZAS_PERSONALES( FECHA , CLASIFICACION , ASUNTO , DESCRIPCION , GASTO , INGRESO )VALUES('2016-4-29' , 'Transporte' , 'Tren' , 'renfe alcira a carcaixent' , 1.8 , 0.0   );
INSERT INTO FINANZAS_PERSONALES( FECHA , CLASIFICACION , ASUNTO , DESCRIPCION , GASTO , INGRESO )VALUES('2016-4-27' , 'Transporte' , 'Tren' , 'Carcaixent - Valencia norte - ida y vuelta Sin familia Num' , 7.5 , 0.0   );
INSERT INTO FINANZAS_PERSONALES( FECHA , CLASIFICACION , ASUNTO , DESCRIPCION , GASTO , INGRESO )VALUES('2016-4-26' , 'Transporte' , 'Autobus' , 'Carcaixent - Hospital Ribera' , 1.5 , 0.0   );
INSERT INTO FINANZAS_PERSONALES( FECHA , CLASIFICACION , ASUNTO , DESCRIPCION , GASTO , INGRESO )VALUES('2016-4-25' , 'Transporte' , 'Autobus' , 'Hospital Ribera - Carcaixent ' , 1.5 , 0.0   );
INSERT INTO FINANZAS_PERSONALES( FECHA , CLASIFICACION , ASUNTO , DESCRIPCION , GASTO , INGRESO )VALUES('2016-4-24' , 'Transporte' , 'Tren' , 'Valencia - Carcaixent' , 3.7 , 0.0   );
INSERT INTO FINANZAS_PERSONALES( FECHA , CLASIFICACION , ASUNTO , DESCRIPCION , GASTO , INGRESO )VALUES('2016-4-23' , 'Ocio' , 'Comida/Cena' , 'Cena con los Companeros de piso y el grupo de musica' , 9.5 , 0.0   );
INSERT INTO FINANZAS_PERSONALES( FECHA , CLASIFICACION , ASUNTO , DESCRIPCION , GASTO , INGRESO )VALUES('2016-4-23' , 'Transporte' , 'Tren' , 'Carcaixent - Valencia' , 3.7 , 0.0   );
INSERT INTO FINANZAS_PERSONALES( FECHA , CLASIFICACION , ASUNTO , DESCRIPCION , GASTO , INGRESO )VALUES('2016-4-19' , 'Transporte' , 'Tren' , 'Carcaixent - Valencia norte - ida y vuelta Sin familia Num' , 7.5 , 0.0   );
INSERT INTO FINANZAS_PERSONALES( FECHA , CLASIFICACION , ASUNTO , DESCRIPCION , GASTO , INGRESO )VALUES('2016-4-19' , 'Transporte' , 'Metro' , 'Bonometro 10 Valencia' , 8.5 , 0.0   );
INSERT INTO FINANZAS_PERSONALES( FECHA , CLASIFICACION , ASUNTO , DESCRIPCION , GASTO , INGRESO )VALUES('2016-4-18' , 'Transporte' , 'Tren' , 'Carcaixent - Valencia norte - ida y vuelta Sin familia Num' , 7.5 , 0.0   );
INSERT INTO FINANZAS_PERSONALES( FECHA , CLASIFICACION , ASUNTO , DESCRIPCION , GASTO , INGRESO )VALUES('2016-4-11' , 'Transporte' , 'Tren' , 'Carcaixent - Valencia norte - ida y vuelta Sin familia Num' , 7.5 , 0.0   );
INSERT INTO FINANZAS_PERSONALES( FECHA , CLASIFICACION , ASUNTO , DESCRIPCION , GASTO , INGRESO )VALUES('2016-4-1' , 'Salario' , 'Ingreso mensual' , 'Ingreso mensual' , 0.0 , 150.0   );
INSERT INTO FINANZAS_PERSONALES( FECHA , CLASIFICACION , ASUNTO , DESCRIPCION , GASTO , INGRESO )VALUES('2016-5-31' , 'Transporte' , 'Autobus' , 'Hospital Ribera - Carcaixent' , 1.5 , 0.0   );
INSERT INTO FINANZAS_PERSONALES( FECHA , CLASIFICACION , ASUNTO , DESCRIPCION , GASTO , INGRESO )VALUES('2016-5-31' , 'Transporte' , 'Autobus' , 'Carcaixent - Hospital Ribera' , 1.5 , 0.0   );
INSERT INTO FINANZAS_PERSONALES( FECHA , CLASIFICACION , ASUNTO , DESCRIPCION , GASTO , INGRESO )VALUES('2016-5-30' , 'Salario' , 'Remuneracion' , 'practicas empresa Ribera Salud UTE II  ' , 0.0 , 400.75   );
INSERT INTO FINANZAS_PERSONALES( FECHA , CLASIFICACION , ASUNTO , DESCRIPCION , GASTO , INGRESO )VALUES('2016-5-30' , 'Transporte' , 'Autobus' , 'Hospital Ribera - Carcaixent' , 1.5 , 0.0   );
INSERT INTO FINANZAS_PERSONALES( FECHA , CLASIFICACION , ASUNTO , DESCRIPCION , GASTO , INGRESO )VALUES('2016-5-27' , 'Transporte' , 'Tren' , 'Valencia - Carcaixent - ida con familia numerosa' , 2.95 , 0.0   );
INSERT INTO FINANZAS_PERSONALES( FECHA , CLASIFICACION , ASUNTO , DESCRIPCION , GASTO , INGRESO )VALUES('2016-5-27' , 'Transporte' , 'Tren' , 'Carcaixent - Valencia - da con familia numerosa' , 2.95 , 0.0   );
INSERT INTO FINANZAS_PERSONALES( FECHA , CLASIFICACION , ASUNTO , DESCRIPCION , GASTO , INGRESO )VALUES('2016-5-27' , 'Ocio' , 'Cine' , 'Xmen apocalipsis en los cines Liss' , 3.5 , 0.0   );
INSERT INTO FINANZAS_PERSONALES( FECHA , CLASIFICACION , ASUNTO , DESCRIPCION , GASTO , INGRESO )VALUES('2016-5-27' , 'Ocio' , 'Comida/Cena' , 'Comida con Vicente en Fosrers' , 22.0 , 0.0   );
INSERT INTO FINANZAS_PERSONALES( FECHA , CLASIFICACION , ASUNTO , DESCRIPCION , GASTO , INGRESO )VALUES('2016-5-26' , 'Transporte' , 'Autobus' , 'Hospital Ribera - Carcaixent' , 1.5 , 0.0   );
INSERT INTO FINANZAS_PERSONALES( FECHA , CLASIFICACION , ASUNTO , DESCRIPCION , GASTO , INGRESO )VALUES('2016-5-25' , 'Transporte' , 'Autobus' , 'Hospital Ribera - Carcaixent' , 1.5 , 0.0   );
INSERT INTO FINANZAS_PERSONALES( FECHA , CLASIFICACION , ASUNTO , DESCRIPCION , GASTO , INGRESO )VALUES('2016-5-24' , 'Transporte' , 'Autobus' , 'Carcaixent - Hospital Ribera' , 1.5 , 0.0   );
INSERT INTO FINANZAS_PERSONALES( FECHA , CLASIFICACION , ASUNTO , DESCRIPCION , GASTO , INGRESO )VALUES('2016-5-24' , 'Caprichos' , 'GAME' , 'Juego de TotalWar Warhammer' , 46.95 , 0.0   );
INSERT INTO FINANZAS_PERSONALES( FECHA , CLASIFICACION , ASUNTO , DESCRIPCION , GASTO , INGRESO )VALUES('2016-5-23' , 'Transporte' , 'Tren' , 'Renfe Alcira - Carcaixent con descuento de familia nœmerosa' , 1.45 , 0.0   );
INSERT INTO FINANZAS_PERSONALES( FECHA , CLASIFICACION , ASUNTO , DESCRIPCION , GASTO , INGRESO )VALUES('2016-5-23' , 'Transporte' , 'Autobus' , 'Hospital Alcira - Renfe Alcira' , 0.7 , 0.0   );
INSERT INTO FINANZAS_PERSONALES( FECHA , CLASIFICACION , ASUNTO , DESCRIPCION , GASTO , INGRESO )VALUES('2016-5-19' , 'Transporte' , 'Autobus' , 'Hospital Ribera - Carcaixent' , 1.5 , 0.0   );
INSERT INTO FINANZAS_PERSONALES( FECHA , CLASIFICACION , ASUNTO , DESCRIPCION , GASTO , INGRESO )VALUES('2016-5-18' , 'Transporte' , 'Autobus' , 'Hospital Ribera - Carcaixent' , 1.5 , 0.0   );
INSERT INTO FINANZAS_PERSONALES( FECHA , CLASIFICACION , ASUNTO , DESCRIPCION , GASTO , INGRESO )VALUES('2016-5-17' , 'Transporte' , 'Autobus' , 'Carcaixent - Hospital Ribera' , 1.5 , 0.0   );
INSERT INTO FINANZAS_PERSONALES( FECHA , CLASIFICACION , ASUNTO , DESCRIPCION , GASTO , INGRESO )VALUES('2016-5-17' , 'Transporte' , 'Autobus' , 'Hospital Ribera - Carcaixent' , 1.5 , 0.0   );
INSERT INTO FINANZAS_PERSONALES( FECHA , CLASIFICACION , ASUNTO , DESCRIPCION , GASTO , INGRESO )VALUES('2016-5-13' , 'Ocio' , 'Comida/Cena' , 'Cena con Vicente' , 9.2 , 0.0   );
INSERT INTO FINANZAS_PERSONALES( FECHA , CLASIFICACION , ASUNTO , DESCRIPCION , GASTO , INGRESO )VALUES('2016-5-12' , 'Transporte' , 'Tren' , 'Alcira - Carcaixent  con descuento dr familia numerosa' , 1.45 , 0.0   );
INSERT INTO FINANZAS_PERSONALES( FECHA , CLASIFICACION , ASUNTO , DESCRIPCION , GASTO , INGRESO )VALUES('2016-5-12' , 'Transporte' , 'Autobus' , 'Hospital Alcira - Renfe Alcira' , 0.7 , 0.0   );
INSERT INTO FINANZAS_PERSONALES( FECHA , CLASIFICACION , ASUNTO , DESCRIPCION , GASTO , INGRESO )VALUES('2016-5-11' , 'Transporte' , 'Tren' , 'Carcaixent - Valencia norte - ida y vuelta Con familia Num' , 5.9 , 0.0   );
INSERT INTO FINANZAS_PERSONALES( FECHA , CLASIFICACION , ASUNTO , DESCRIPCION , GASTO , INGRESO )VALUES('2016-5-11' , 'Transporte' , 'Autobus' , 'Hospital Alcira - Renfe Alcira' , 0.7 , 0.0   );
INSERT INTO FINANZAS_PERSONALES( FECHA , CLASIFICACION , ASUNTO , DESCRIPCION , GASTO , INGRESO )VALUES('2016-5-11' , 'Gastos' , 'Reprografia' , 'Fotocopia del modelo 1 del proyecto' , 0.08 , 0.0   );
INSERT INTO FINANZAS_PERSONALES( FECHA , CLASIFICACION , ASUNTO , DESCRIPCION , GASTO , INGRESO )VALUES('2016-5-10' , 'Transporte' , 'Autobus' , 'Hospital Ribera - Carcaixent' , 1.5 , 0.0   );
INSERT INTO FINANZAS_PERSONALES( FECHA , CLASIFICACION , ASUNTO , DESCRIPCION , GASTO , INGRESO )VALUES('2016-5-10' , 'Caprichos' , 'GAME' , 'Reserva de la precompra del TotalWar Warhammer' , 3.0 , 0.0   );
INSERT INTO FINANZAS_PERSONALES( FECHA , CLASIFICACION , ASUNTO , DESCRIPCION , GASTO , INGRESO )VALUES('2016-5-9' , 'Salario' , 'Ingreso mensual' , 'Ingreso mensual' , 0.0 , 150.0   );
INSERT INTO FINANZAS_PERSONALES( FECHA , CLASIFICACION , ASUNTO , DESCRIPCION , GASTO , INGRESO )VALUES('2016-5-5' , 'Transporte' , 'Tren' , 'Hospital Alcira - Renfe Alcira' , 0.7 , 0.0   );
INSERT INTO FINANZAS_PERSONALES( FECHA , CLASIFICACION , ASUNTO , DESCRIPCION , GASTO , INGRESO )VALUES('2016-5-5' , 'Transporte' , 'Autobus' , 'Renfe Alcira - Carcaixent con descuento de familia nœmerosa' , 1.45 , 0.0   );
INSERT INTO FINANZAS_PERSONALES( FECHA , CLASIFICACION , ASUNTO , DESCRIPCION , GASTO , INGRESO )VALUES('2016-5-5' , 'Caprichos' , 'Reprografia' , 'Imprimir los planos del juego de dragones y mazmorras' , 14.0 , 0.0   );
INSERT INTO FINANZAS_PERSONALES( FECHA , CLASIFICACION , ASUNTO , DESCRIPCION , GASTO , INGRESO )VALUES('2016-5-4' , 'Transporte' , 'Tren' , 'Hospital Alcira - Renfe Alcira' , 0.7 , 0.0   );
INSERT INTO FINANZAS_PERSONALES( FECHA , CLASIFICACION , ASUNTO , DESCRIPCION , GASTO , INGRESO )VALUES('2016-5-4' , 'Transporte' , 'Autobus' , 'Renfe Alcira - Carcaixent con descuento de familia nœmerosa' , 1.45 , 0.0   );
INSERT INTO FINANZAS_PERSONALES( FECHA , CLASIFICACION , ASUNTO , DESCRIPCION , GASTO , INGRESO )VALUES('2016-6-1' , 'Transporte' , 'Autobus ' , 'Hospital Ribera - Carcaixent ' , 1.5 , 0.0   );
INSERT INTO FINANZAS_PERSONALES( FECHA , CLASIFICACION , ASUNTO , DESCRIPCION , GASTO , INGRESO )VALUES('2016-6-1' , 'Regalos' , 'Regalo' , 'Regalo Cumplea–os de Mama' , 0.0 , 93.9   );
INSERT INTO FINANZAS_PERSONALES( FECHA , CLASIFICACION , ASUNTO , DESCRIPCION , GASTO , INGRESO )VALUES('2016-6-1' , 'Salario' , 'IngrMes' , 'Ingreso Mensual' , 0.0 , 150.0   );
INSERT INTO FINANZAS_PERSONALES( FECHA , CLASIFICACION , ASUNTO , DESCRIPCION , GASTO , INGRESO )VALUES('2016-6-2' , 'Transporte' , 'Autobus ' , 'Carcaixent - Hospital Ribera ' , 1.5 , 0.0   );
INSERT INTO FINANZAS_PERSONALES( FECHA , CLASIFICACION , ASUNTO , DESCRIPCION , GASTO , INGRESO )VALUES('2016-6-3' , 'Transporte' , 'Autobus ' , 'Hospital Ribera - Carcaixent ' , 1.5 , 0.0   );
INSERT INTO FINANZAS_PERSONALES( FECHA , CLASIFICACION , ASUNTO , DESCRIPCION , GASTO , INGRESO )VALUES('2016-6-6' , 'Transporte' , 'Autobus ' , 'Hospital Ribera - Carcaixent ' , 1.5 , 0.0   );
INSERT INTO FINANZAS_PERSONALES( FECHA , CLASIFICACION , ASUNTO , DESCRIPCION , GASTO , INGRESO )VALUES('2016-6-6' , 'Transporte' , 'Autobus ' , 'Se me olvido la cartera' , 0.0 , 5.0   );
INSERT INTO FINANZAS_PERSONALES( FECHA , CLASIFICACION , ASUNTO , DESCRIPCION , GASTO , INGRESO )VALUES('2016-6-10' , 'Compras' , 'Ordenador ' , 'Regalo del Ordenador portatil ' , 1058.0 , 550.0   );
INSERT INTO FINANZAS_PERSONALES( FECHA , CLASIFICACION , ASUNTO , DESCRIPCION , GASTO , INGRESO )VALUES('2016-6-13' , 'Transporte' , 'Autobus ' , 'Hospital Ribera - Carcaixent ' , 1.5 , 0.0   );
INSERT INTO FINANZAS_PERSONALES( FECHA , CLASIFICACION , ASUNTO , DESCRIPCION , GASTO , INGRESO )VALUES('2016-6-13' , 'Banco' , 'Abonos' , 'Abonos de plazo' , 0.0 , 0.45   );
INSERT INTO FINANZAS_PERSONALES( FECHA , CLASIFICACION , ASUNTO , DESCRIPCION , GASTO , INGRESO )VALUES('2016-6-14' , 'Transporte' , 'Autobus ' , 'Carcaixent - Hospital Ribera ' , 1.5 , 0.0   );
INSERT INTO FINANZAS_PERSONALES( FECHA , CLASIFICACION , ASUNTO , DESCRIPCION , GASTO , INGRESO )VALUES('2016-6-15' , 'Transporte' , 'Autobus ' , 'Hospital Ribera - Carcaixent ' , 1.5 , 0.0   );
INSERT INTO FINANZAS_PERSONALES( FECHA , CLASIFICACION , ASUNTO , DESCRIPCION , GASTO , INGRESO )VALUES('2016-6-16' , 'Transporte' , 'Autobus ' , 'Hospital Ribera - Carcaixent ' , 1.5 , 0.0   );
INSERT INTO FINANZAS_PERSONALES( FECHA , CLASIFICACION , ASUNTO , DESCRIPCION , GASTO , INGRESO )VALUES('2016-6-17' , 'Transporte' , 'Autobus ' , 'Carcaixent - Hospital Ribera ' , 1.5 , 0.0   );
INSERT INTO FINANZAS_PERSONALES( FECHA , CLASIFICACION , ASUNTO , DESCRIPCION , GASTO , INGRESO )VALUES('2016-6-18' , 'Banco' , 'Cuota' , 'Cargos de cuota targeta ' , 8.4 , 0.0   );
INSERT INTO FINANZAS_PERSONALES( FECHA , CLASIFICACION , ASUNTO , DESCRIPCION , GASTO , INGRESO )VALUES('2016-6-20' , 'Transporte' , 'Autobus ' , 'Hospital Ribera - Carcaixent ' , 1.5 , 0.0   );
INSERT INTO FINANZAS_PERSONALES( FECHA , CLASIFICACION , ASUNTO , DESCRIPCION , GASTO , INGRESO )VALUES('2016-6-20' , 'Gastos' , 'Peluqueria' , 'Corte de pelo' , 10.0 , 10.0   );
INSERT INTO FINANZAS_PERSONALES( FECHA , CLASIFICACION , ASUNTO , DESCRIPCION , GASTO , INGRESO )VALUES('2016-6-20' , 'Gastos' , 'Reprografia' , 'Encuadernaci—n de los apuntes del Grado Ingenier’a ElŽctrica ' , 45.0 , 0.0   );
INSERT INTO FINANZAS_PERSONALES( FECHA , CLASIFICACION , ASUNTO , DESCRIPCION , GASTO , INGRESO )VALUES('2016-6-21' , 'Transporte' , 'Autobus ' , 'Carcaixent - Hospital Ribera ' , 1.5 , 0.0   );
INSERT INTO FINANZAS_PERSONALES( FECHA , CLASIFICACION , ASUNTO , DESCRIPCION , GASTO , INGRESO )VALUES('2016-6-23' , 'Transporte' , 'Autobus ' , 'Carcaixent - Hospital Ribera ' , 1.5 , 0.0   );
INSERT INTO FINANZAS_PERSONALES( FECHA , CLASIFICACION , ASUNTO , DESCRIPCION , GASTO , INGRESO )VALUES('2016-6-24' , 'Transporte' , 'Autobus ' , 'Hospital Ribera - Carcaixent ' , 1.5 , 0.0   );
INSERT INTO FINANZAS_PERSONALES( FECHA , CLASIFICACION , ASUNTO , DESCRIPCION , GASTO , INGRESO )VALUES('2016-6-24' , 'Regalos' , 'Reprografia' , 'Imprimir Fotos Sstella' , 36.0 , 0.0   );
INSERT INTO FINANZAS_PERSONALES( FECHA , CLASIFICACION , ASUNTO , DESCRIPCION , GASTO , INGRESO )VALUES('2016-6-24' , 'Regalos' , 'Xinos' , 'Chinchetas y Marco' , 9.3 , 0.0   );
INSERT INTO FINANZAS_PERSONALES( FECHA , CLASIFICACION , ASUNTO , DESCRIPCION , GASTO , INGRESO )VALUES('2016-6-25' , 'Caprichos' , 'Steam' , 'Juegos del ARK y Space Ingeniera ' , 22.28 , 0.0   );
INSERT INTO FINANZAS_PERSONALES( FECHA , CLASIFICACION , ASUNTO , DESCRIPCION , GASTO , INGRESO )VALUES('2016-6-26' , 'Banco' , 'Interes' , 'Abono Intereses' , 0.0 , 1.37   );
INSERT INTO FINANZAS_PERSONALES( FECHA , CLASIFICACION , ASUNTO , DESCRIPCION , GASTO , INGRESO )VALUES('2016-6-27' , 'Transporte' , 'Autobus ' , 'Carcaixent - Hospital Ribera ' , 1.5 , 0.0   );
INSERT INTO FINANZAS_PERSONALES( FECHA , CLASIFICACION , ASUNTO , DESCRIPCION , GASTO , INGRESO )VALUES('2016-6-28' , 'Transporte' , 'Autobus ' , 'Hospital Ribera - Carcaixent ' , 1.5 , 0.0   );
INSERT INTO FINANZAS_PERSONALES( FECHA , CLASIFICACION , ASUNTO , DESCRIPCION , GASTO , INGRESO )VALUES('2016-6-28' , 'Gastos' , 'Reprografia' , 'Imprimir Solicitud ' , 0.2 , 0.0   );
INSERT INTO FINANZAS_PERSONALES( FECHA , CLASIFICACION , ASUNTO , DESCRIPCION , GASTO , INGRESO )VALUES('2016-6-29' , 'Transporte' , 'Tren' , 'Ida y Vuelta Carcaixent - ValenciaNort (sin familia numerosa)' , 7.4 , 0.0   );
INSERT INTO FINANZAS_PERSONALES( FECHA , CLASIFICACION , ASUNTO , DESCRIPCION , GASTO , INGRESO )VALUES('2016-6-29' , 'Transporte' , 'Bonometro' , 'Bonometro 10 Viajes Zona A ' , 7.2 , 0.0   );
INSERT INTO FINANZAS_PERSONALES( FECHA , CLASIFICACION , ASUNTO , DESCRIPCION , GASTO , INGRESO )VALUES('2016-6-29' , 'Gastos' , 'comida' , 'Menu Trinket' , 5.45 , 0.0   );
INSERT INTO FINANZAS_PERSONALES( FECHA , CLASIFICACION , ASUNTO , DESCRIPCION , GASTO , INGRESO )VALUES('2016-6-29' , 'Salario' , 'Sueldo' , 'Practicas Empresa - Hospital Riera' , 0.0 , 343.88   );
INSERT INTO FINANZAS_PERSONALES( FECHA , CLASIFICACION , ASUNTO , DESCRIPCION , GASTO , INGRESO )VALUES('2016-6-30' , 'Transporte' , 'Autobus ' , 'Carcaixent - Hospital Ribera ' , 1.5 , 0.0   );
INSERT INTO FINANZAS_PERSONALES( FECHA , CLASIFICACION , ASUNTO , DESCRIPCION , GASTO , INGRESO )VALUES('2016-7-1' , 'Salario' , 'Ingreso Mensual' , 'Ingreso Mensual' , 0.0 , 150.0   );
INSERT INTO FINANZAS_PERSONALES( FECHA , CLASIFICACION , ASUNTO , DESCRIPCION , GASTO , INGRESO )VALUES('2016-7-1' , 'Gastos' , 'Correos' , 'Envio de los documentos de la matricula a Bilbao' , 14.56 , 14.56   );
INSERT INTO FINANZAS_PERSONALES( FECHA , CLASIFICACION , ASUNTO , DESCRIPCION , GASTO , INGRESO )VALUES('2016-7-1' , 'Gastos' , 'Farmacia' , 'Pasta de dientes y Fluor de PERIO AIR' , 15.0 , 15.0   );
INSERT INTO FINANZAS_PERSONALES( FECHA , CLASIFICACION , ASUNTO , DESCRIPCION , GASTO , INGRESO )VALUES('2016-7-8' , 'Ocio' , 'Cena' , 'Pizas en el Chalet ' , 17.44 , 0.0   );
INSERT INTO FINANZAS_PERSONALES( FECHA , CLASIFICACION , ASUNTO , DESCRIPCION , GASTO , INGRESO )VALUES('2016-7-9' , 'Ocio' , 'Acualandia ' , 'Acualandia ' , 21.0 , 21.0   );
INSERT INTO FINANZAS_PERSONALES( FECHA , CLASIFICACION , ASUNTO , DESCRIPCION , GASTO , INGRESO )VALUES('2016-7-11' , 'Gastos' , 'Mercadona' , 'Compra semanal' , 27.97 , 0.0   );
INSERT INTO FINANZAS_PERSONALES( FECHA , CLASIFICACION , ASUNTO , DESCRIPCION , GASTO , INGRESO )VALUES('2016-7-13' , 'Ocio' , 'Cine' , 'Entrada Cine - Dos espias y medio' , 4.9 , 0.0   );
INSERT INTO FINANZAS_PERSONALES( FECHA , CLASIFICACION , ASUNTO , DESCRIPCION , GASTO , INGRESO )VALUES('2016-7-13' , 'Ocio' , 'Cine' , 'Palomitas y Fanta Cine' , 7.3 , 0.0   );
INSERT INTO FINANZAS_PERSONALES( FECHA , CLASIFICACION , ASUNTO , DESCRIPCION , GASTO , INGRESO )VALUES('2016-7-13' , 'Banco' , 'Abonos' , 'Abonos de Plazo' , 0.0 , 0.45   );
INSERT INTO FINANZAS_PERSONALES( FECHA , CLASIFICACION , ASUNTO , DESCRIPCION , GASTO , INGRESO )VALUES('2016-7-14' , 'Ocio' , 'Cena' , 'Cena chinos Alzira ' , 30.05 , 40.0   );
INSERT INTO FINANZAS_PERSONALES( FECHA , CLASIFICACION , ASUNTO , DESCRIPCION , GASTO , INGRESO )VALUES('2016-7-15' , 'Caprichos' , 'Steam' , 'Expansion DLC Bestias' , 15.74 , 0.0   );
INSERT INTO FINANZAS_PERSONALES( FECHA , CLASIFICACION , ASUNTO , DESCRIPCION , GASTO , INGRESO )VALUES('2016-7-15' , 'Ocio' , 'Cine' , 'Entrada Cine - Infierno Azul' , 8.0 , 0.0   );
INSERT INTO FINANZAS_PERSONALES( FECHA , CLASIFICACION , ASUNTO , DESCRIPCION , GASTO , INGRESO )VALUES('2016-7-15' , 'Ocio' , 'Cine' , 'Palomitas y Fanta Cine' , 7.3 , 0.0   );
INSERT INTO FINANZAS_PERSONALES( FECHA , CLASIFICACION , ASUNTO , DESCRIPCION , GASTO , INGRESO )VALUES('2016-7-29' , 'Salario' , 'Sueldo' , 'Practicas Empresa - Hospital Riera' , 0.0 , 336.88   );
INSERT INTO FINANZAS_PERSONALES( FECHA , CLASIFICACION , ASUNTO , DESCRIPCION , GASTO , INGRESO )VALUES('2016-8-1' , 'Salario' , 'Ingreso Mensual' , 'Ingreso Mensual' , 0.0 , 150.0   );
INSERT INTO FINANZAS_PERSONALES( FECHA , CLASIFICACION , ASUNTO , DESCRIPCION , GASTO , INGRESO )VALUES('2016-8-12' , 'Banco' , 'Bankia' , 'Intereses' , 0.13 , 0.0   );
INSERT INTO FINANZAS_PERSONALES( FECHA , CLASIFICACION , ASUNTO , DESCRIPCION , GASTO , INGRESO )VALUES('2016-8-18' , 'Regalos' , 'Steam' , 'Juego StarWars' , 3.5 , 0.0   );
INSERT INTO FINANZAS_PERSONALES( FECHA , CLASIFICACION , ASUNTO , DESCRIPCION , GASTO , INGRESO )VALUES('2016-8-22' , 'Transporte' , 'Renfe' , 'Ida y vuelta Valencia-Alzira' , 7.4 , 0.0   );
INSERT INTO FINANZAS_PERSONALES( FECHA , CLASIFICACION , ASUNTO , DESCRIPCION , GASTO , INGRESO )VALUES('2016-8-28' , 'Transporte' , 'Renfe' , 'Ida y vuelta Valencia-Alzira' , 7.4 , 0.0   );
INSERT INTO FINANZAS_PERSONALES( FECHA , CLASIFICACION , ASUNTO , DESCRIPCION , GASTO , INGRESO )VALUES('2016-8-30' , 'Salario' , 'Remuneracion' , 'Practicas empresa Ribera Salud UTE II' , 0.0 , 343.88   );
INSERT INTO FINANZAS_PERSONALES( FECHA , CLASIFICACION , ASUNTO , DESCRIPCION , GASTO , INGRESO )VALUES('2016-9-1' , 'Salario' , 'Ingreso Mensual' , 'Ingreso Mensual' , 0.0 , 200.0   );
INSERT INTO FINANZAS_PERSONALES( FECHA , CLASIFICACION , ASUNTO , DESCRIPCION , GASTO , INGRESO )VALUES('2016-9-1' , 'Gastos' , 'Reprografia' , 'fotocopias ducumentos matr’culas ' , 0.4 , 0.4   );
INSERT INTO FINANZAS_PERSONALES( FECHA , CLASIFICACION , ASUNTO , DESCRIPCION , GASTO , INGRESO )VALUES('2016-9-2' , 'Transporte' , 'Renfe' , 'ida y vuelta Valencia-Alzira' , 7.4 , 0.0   );
INSERT INTO FINANZAS_PERSONALES( FECHA , CLASIFICACION , ASUNTO , DESCRIPCION , GASTO , INGRESO )VALUES('2016-9-2' , 'Transporte' , 'Renfe' , 'targetas de descuento Fam. Num Renfe' , 8.0 , 0.0   );
INSERT INTO FINANZAS_PERSONALES( FECHA , CLASIFICACION , ASUNTO , DESCRIPCION , GASTO , INGRESO )VALUES('2016-9-2' , 'Estudios' , 'UPV ' , 'Tasas de translado expediente' , 27.34 , 0.0   );
INSERT INTO FINANZAS_PERSONALES( FECHA , CLASIFICACION , ASUNTO , DESCRIPCION , GASTO , INGRESO )VALUES('2016-9-2' , 'Estudios' , 'UPV ' , 'solicitud certificacion acadrmica' , 27.34 , 0.0   );
INSERT INTO FINANZAS_PERSONALES( FECHA , CLASIFICACION , ASUNTO , DESCRIPCION , GASTO , INGRESO )VALUES('2016-9-2' , 'Regalos' , 'Steam' , 'DLC TWWH The Grim and The Grave' , 8.6 , 0.0   );
INSERT INTO FINANZAS_PERSONALES( FECHA , CLASIFICACION , ASUNTO , DESCRIPCION , GASTO , INGRESO )VALUES('2016-9-3' , 'Transporte' , 'BlaBla' , 'Valencia-Bilbao' , 40.28 , 0.0   );
INSERT INTO FINANZAS_PERSONALES( FECHA , CLASIFICACION , ASUNTO , DESCRIPCION , GASTO , INGRESO )VALUES('2016-9-6' , 'Transporte' , 'Metro' , 'Recarga MetroBuss Barik' , 5.0 , 0.0   );
INSERT INTO FINANZAS_PERSONALES( FECHA , CLASIFICACION , ASUNTO , DESCRIPCION , GASTO , INGRESO )VALUES('2016-9-7' , 'Transporte' , 'Metro' , 'barik Anual Septiembre - Diciembre ' , 64.0 , 0.0   );
INSERT INTO FINANZAS_PERSONALES( FECHA , CLASIFICACION , ASUNTO , DESCRIPCION , GASTO , INGRESO )VALUES('2016-9-9' , 'Gastos' , 'Reprografia' , 'imprimir y fotocopiar documentos UNI' , 1.5 , 0.0   );
INSERT INTO FINANZAS_PERSONALES( FECHA , CLASIFICACION , ASUNTO , DESCRIPCION , GASTO , INGRESO )VALUES('2016-9-9' , 'Compras' , 'Primark ' , 'comprar calcetines ' , 6.5 , 0.0   );
INSERT INTO FINANZAS_PERSONALES( FECHA , CLASIFICACION , ASUNTO , DESCRIPCION , GASTO , INGRESO )VALUES('2016-9-9' , 'Compras' , 'Eroski' , 'pijama calentito ' , 27.46 , 0.0   );
INSERT INTO FINANZAS_PERSONALES( FECHA , CLASIFICACION , ASUNTO , DESCRIPCION , GASTO , INGRESO )VALUES('2016-9-13' , 'Gastos' , 'Reprografia' , 'Libro de algebra matematicas ' , 11.0 , 0.0   );
INSERT INTO FINANZAS_PERSONALES( FECHA , CLASIFICACION , ASUNTO , DESCRIPCION , GASTO , INGRESO )VALUES('2016-9-13' , 'Gastos' , 'Chinos' , 'paraguas de los chinos' , 8.0 , 0.0   );
INSERT INTO FINANZAS_PERSONALES( FECHA , CLASIFICACION , ASUNTO , DESCRIPCION , GASTO , INGRESO )VALUES('2016-9-13' , 'Ocio' , 'Comida/Cena' , 'Cena Sstella' , 12.0 , 0.0   );
INSERT INTO FINANZAS_PERSONALES( FECHA , CLASIFICACION , ASUNTO , DESCRIPCION , GASTO , INGRESO )VALUES('2016-9-15' , 'Gastos' , 'Reprografia' , 'Libro matematicas discretas ' , 10.0 , 0.0   );
INSERT INTO FINANZAS_PERSONALES( FECHA , CLASIFICACION , ASUNTO , DESCRIPCION , GASTO , INGRESO )VALUES('2016-9-15' , 'Gastos' , 'Reprografia' , 'libro de sistemas Digitales' , 13.3 , 0.0   );
INSERT INTO FINANZAS_PERSONALES( FECHA , CLASIFICACION , ASUNTO , DESCRIPCION , GASTO , INGRESO )VALUES('2016-9-17' , 'Ocio' , 'Comida/Cena' , 'Comida Sstella Kevab' , 13.0 , 0.0   );
INSERT INTO FINANZAS_PERSONALES( FECHA , CLASIFICACION , ASUNTO , DESCRIPCION , GASTO , INGRESO )VALUES('2016-9-18' , 'Gastos' , 'Whish' , 'Raton Gamer para el PC' , 5.87 , 0.0   );
INSERT INTO FINANZAS_PERSONALES( FECHA , CLASIFICACION , ASUNTO , DESCRIPCION , GASTO , INGRESO )VALUES('2016-9-20' , 'Transporte' , 'BilmanBus' , 'Ida y vuelta Bilbao-Valencia ' , 54.72 , 0.0   );
INSERT INTO FINANZAS_PERSONALES( FECHA , CLASIFICACION , ASUNTO , DESCRIPCION , GASTO , INGRESO )VALUES('2016-9-20' , 'Gastos' , 'Comida' , 'paquete de papas para el viaje' , 2.8 , 0.0   );
INSERT INTO FINANZAS_PERSONALES( FECHA , CLASIFICACION , ASUNTO , DESCRIPCION , GASTO , INGRESO )VALUES('2016-9-20' , 'Transporte' , 'Renfe' , 'Vuelta Valencia-Carcaixent' , 2.95 , 0.0   );
INSERT INTO FINANZAS_PERSONALES( FECHA , CLASIFICACION , ASUNTO , DESCRIPCION , GASTO , INGRESO )VALUES('2016-9-20' , 'Banco' , 'intereses ' , 'Gastos por servicio' , 0.12 , 0.0   );
INSERT INTO FINANZAS_PERSONALES( FECHA , CLASIFICACION , ASUNTO , DESCRIPCION , GASTO , INGRESO )VALUES('2016-9-21' , 'Estudios' , 'UPV ' , 'solicitud Titulo Ingenier’a ElŽctrica' , 93.12 , 0.0   );
INSERT INTO FINANZAS_PERSONALES( FECHA , CLASIFICACION , ASUNTO , DESCRIPCION , GASTO , INGRESO )VALUES('2016-9-22' , 'Transporte' , 'Renfe' , 'Ida Carcaixent-Valencia' , 2.95 , 0.0   );
INSERT INTO FINANZAS_PERSONALES( FECHA , CLASIFICACION , ASUNTO , DESCRIPCION , GASTO , INGRESO )VALUES('2016-9-22' , 'Gastos' , 'Comida' , 'paquete de papas para el viaje' , 2.25 , 0.0   );
INSERT INTO FINANZAS_PERSONALES( FECHA , CLASIFICACION , ASUNTO , DESCRIPCION , GASTO , INGRESO )VALUES('2016-9-23' , 'Ocio' , 'Comida/Cena' , 'Quedada de clase Informaticos' , 20.75 , 0.0   );
INSERT INTO FINANZAS_PERSONALES( FECHA , CLASIFICACION , ASUNTO , DESCRIPCION , GASTO , INGRESO )VALUES('2016-9-23' , 'Ocio' , 'Discoteca' , 'Quedada de clase Informaticos' , 10.0 , 0.0   );
INSERT INTO FINANZAS_PERSONALES( FECHA , CLASIFICACION , ASUNTO , DESCRIPCION , GASTO , INGRESO )VALUES('2016-9-27' , 'Gastos' , 'Cerrageria ' , 'Copia de llave Casa Sstella' , 1.5 , 0.0   );
INSERT INTO FINANZAS_PERSONALES( FECHA , CLASIFICACION , ASUNTO , DESCRIPCION , GASTO , INGRESO )VALUES('2016-10-4' , 'Salario' , 'Ingreso Mensual' , 'Pension de David' , 0.0 , 500.0   );
INSERT INTO FINANZAS_PERSONALES( FECHA , CLASIFICACION , ASUNTO , DESCRIPCION , GASTO , INGRESO )VALUES('2016-10-4' , 'Gastos' , 'Mercadona' , 'queso galletas y mantequilla' , 8.47 , 0.0   );
INSERT INTO FINANZAS_PERSONALES( FECHA , CLASIFICACION , ASUNTO , DESCRIPCION , GASTO , INGRESO )VALUES('2016-10-4' , 'Banco' , 'Universidad EHU' , '??????????' , 25.98 , 0.0   );
INSERT INTO FINANZAS_PERSONALES( FECHA , CLASIFICACION , ASUNTO , DESCRIPCION , GASTO , INGRESO )VALUES('2016-10-7' , 'Gastos' , 'Translado' , '3 bultos de 24. 16 y 12 Kg' , 78.0 , 78.0   );
INSERT INTO FINANZAS_PERSONALES( FECHA , CLASIFICACION , ASUNTO , DESCRIPCION , GASTO , INGRESO )VALUES('2016-10-8' , 'Ocio' , 'Comida/Cena' , 'Cumple Amiga Sstella' , 15.0 , 0.0   );
INSERT INTO FINANZAS_PERSONALES( FECHA , CLASIFICACION , ASUNTO , DESCRIPCION , GASTO , INGRESO )VALUES('2016-10-8' , 'Ocio' , 'Discoteca' , 'Cumple Amiga Sstella' , 10.0 , 0.0   );
INSERT INTO FINANZAS_PERSONALES( FECHA , CLASIFICACION , ASUNTO , DESCRIPCION , GASTO , INGRESO )VALUES('2016-10-11' , 'Ocio' , 'Comida/Cena' , 'Fiestas Pueblo Barakaldo' , 4.0 , 0.0   );
INSERT INTO FINANZAS_PERSONALES( FECHA , CLASIFICACION , ASUNTO , DESCRIPCION , GASTO , INGRESO )VALUES('2016-10-18' , 'Ocio' , 'Comida/Cena' , 'Cena con Sstella' , 6.2 , 0.0   );
INSERT INTO FINANZAS_PERSONALES( FECHA , CLASIFICACION , ASUNTO , DESCRIPCION , GASTO , INGRESO )VALUES('2016-10-19' , 'Gastos' , 'Fotocopias' , 'Fotocopia practica de Fundamentos' , 0.05 , 0.0   );
INSERT INTO FINANZAS_PERSONALES( FECHA , CLASIFICACION , ASUNTO , DESCRIPCION , GASTO , INGRESO )VALUES('2016-10-25' , 'Gastos' , 'Peluqueria ' , 'Corte y vaciado de pelo' , 13.0 , 0.0   );
INSERT INTO FINANZAS_PERSONALES( FECHA , CLASIFICACION , ASUNTO , DESCRIPCION , GASTO , INGRESO )VALUES('2016-10-25' , 'Ocio' , 'BurguerKing' , 'Patatas y helado' , 5.85 , 0.0   );
INSERT INTO FINANZAS_PERSONALES( FECHA , CLASIFICACION , ASUNTO , DESCRIPCION , GASTO , INGRESO )VALUES('2016-10-26' , 'Ocio' , 'kebap' , 'pincho moruno y patatas' , 10.1 , 0.0   );
INSERT INTO FINANZAS_PERSONALES( FECHA , CLASIFICACION , ASUNTO , DESCRIPCION , GASTO , INGRESO )VALUES('2016-10-28' , 'Ocio' , 'BarUni' , 'Menu Hamburguesa completa' , 5.5 , 0.0   );
INSERT INTO FINANZAS_PERSONALES( FECHA , CLASIFICACION , ASUNTO , DESCRIPCION , GASTO , INGRESO )VALUES('2016-10-28' , 'Caprichos' , 'Steam' , 'Mount and Blade Warband + DLC`s' , 15.27 , 0.0   );
INSERT INTO FINANZAS_PERSONALES( FECHA , CLASIFICACION , ASUNTO , DESCRIPCION , GASTO , INGRESO )VALUES('2016-10-28' , 'Ocio' , 'Cena Halloween' , 'perrito caliente y patatas' , 5.0 , 0.0   );
INSERT INTO FINANZAS_PERSONALES( FECHA , CLASIFICACION , ASUNTO , DESCRIPCION , GASTO , INGRESO )VALUES('2016-11-1' , 'Salario' , 'Pension de David' , 'Ingreso Mensual' , 0.0 , 300.0   );
INSERT INTO FINANZAS_PERSONALES( FECHA , CLASIFICACION , ASUNTO , DESCRIPCION , GASTO , INGRESO )VALUES('2016-11-5' , 'Ocio' , 'BarUni' , 'Menu Hamburguesa completa' , 5.5 , 0.0   );
INSERT INTO FINANZAS_PERSONALES( FECHA , CLASIFICACION , ASUNTO , DESCRIPCION , GASTO , INGRESO )VALUES('2016-11-10' , 'Gastos' , 'Mercadona' , 'cepillo de dientes y desodorante ' , 7.6 , 0.0   );
INSERT INTO FINANZAS_PERSONALES( FECHA , CLASIFICACION , ASUNTO , DESCRIPCION , GASTO , INGRESO )VALUES('2016-11-11' , 'Ocio' , 'BarUni' , 'Menu Hamburguesa completa' , 5.5 , 0.0   );
INSERT INTO FINANZAS_PERSONALES( FECHA , CLASIFICACION , ASUNTO , DESCRIPCION , GASTO , INGRESO )VALUES('2016-11-15' , 'Gastos' , 'Mercadona' , 'Accesorios varios ' , 13.0 , 0.0   );
INSERT INTO FINANZAS_PERSONALES( FECHA , CLASIFICACION , ASUNTO , DESCRIPCION , GASTO , INGRESO )VALUES('2016-11-17' , 'Ocio' , 'Kebap' , 'Kebap mixto' , 4.5 , 0.0   );
INSERT INTO FINANZAS_PERSONALES( FECHA , CLASIFICACION , ASUNTO , DESCRIPCION , GASTO , INGRESO )VALUES('2016-11-18' , 'Ocio' , 'BarUni' , 'Menu Hamburguesa completa' , 5.5 , 0.0   );
INSERT INTO FINANZAS_PERSONALES( FECHA , CLASIFICACION , ASUNTO , DESCRIPCION , GASTO , INGRESO )VALUES('2016-11-24' , 'Estudios' , 'EHU' , 'Matricula ' , 1.62 , 0.0   );
INSERT INTO FINANZAS_PERSONALES( FECHA , CLASIFICACION , ASUNTO , DESCRIPCION , GASTO , INGRESO )VALUES('2016-11-24' , 'Ocio' , 'Kebap' , 'pedrata' , 5.0 , 0.0   );
INSERT INTO FINANZAS_PERSONALES( FECHA , CLASIFICACION , ASUNTO , DESCRIPCION , GASTO , INGRESO )VALUES('2016-11-25' , 'Ocio' , 'BarUni' , 'Menu Hamburguesa completa' , 5.5 , 0.0   );
INSERT INTO FINANZAS_PERSONALES( FECHA , CLASIFICACION , ASUNTO , DESCRIPCION , GASTO , INGRESO )VALUES('2016-11-25' , 'Caprichos' , 'CoC' , 'Oferta BlackDay' , 9.99 , 10.0   );
INSERT INTO FINANZAS_PERSONALES( FECHA , CLASIFICACION , ASUNTO , DESCRIPCION , GASTO , INGRESO )VALUES('2016-11-27' , 'Ocio' , 'Comida/Cena' , 'Cena del dia de la caminata' , 10.5 , 0.0   );
INSERT INTO FINANZAS_PERSONALES( FECHA , CLASIFICACION , ASUNTO , DESCRIPCION , GASTO , INGRESO )VALUES('2016-11-30' , 'Caprichos' , 'Steam' , 'DLC TWWH - Elfos Silvanos' , 15.75 , 0.0   );
INSERT INTO FINANZAS_PERSONALES( FECHA , CLASIFICACION , ASUNTO , DESCRIPCION , GASTO , INGRESO )VALUES('2016-12-1' , 'Salario' , 'Pension de David' , 'Ingreso Mensual' , 0.0 , 300.0   );
INSERT INTO FINANZAS_PERSONALES( FECHA , CLASIFICACION , ASUNTO , DESCRIPCION , GASTO , INGRESO )VALUES('2016-12-1' , 'Ocio' , 'Comida/Cena' , 'come y veve de dominos pizza' , 13.9 , 0.0   );
INSERT INTO FINANZAS_PERSONALES( FECHA , CLASIFICACION , ASUNTO , DESCRIPCION , GASTO , INGRESO )VALUES('2016-12-2' , 'Ocio' , 'BarUni' , 'Bocata Bikingo' , 3.6 , 0.0   );
INSERT INTO FINANZAS_PERSONALES( FECHA , CLASIFICACION , ASUNTO , DESCRIPCION , GASTO , INGRESO )VALUES('2016-12-5' , 'Gastos' , 'Ropa' , '2 polares 1 pijama 1 camisa termica ' , 45.0 , 0.0   );
INSERT INTO FINANZAS_PERSONALES( FECHA , CLASIFICACION , ASUNTO , DESCRIPCION , GASTO , INGRESO )VALUES('2016-12-5' , 'Ocio' , 'Comida/Cena' , 'Partida futbol’n ' , 1.0 , 0.0   );
INSERT INTO FINANZAS_PERSONALES( FECHA , CLASIFICACION , ASUNTO , DESCRIPCION , GASTO , INGRESO )VALUES('2016-12-8' , 'Transporte' , 'Bus' , 'Ida vuelta bosque ohma' , 5.0 , 0.0   );
INSERT INTO FINANZAS_PERSONALES( FECHA , CLASIFICACION , ASUNTO , DESCRIPCION , GASTO , INGRESO )VALUES('2016-12-9' , 'Ocio' , 'BarUni' , 'Bocata Haway' , 3.3 , 0.0   );
INSERT INTO FINANZAS_PERSONALES( FECHA , CLASIFICACION , ASUNTO , DESCRIPCION , GASTO , INGRESO )VALUES('2016-12-11' , 'Transporte' , 'BilmanBus' , 'Billetaje Bilbao-Valencia ida y vuelta' , 68.38 , 0.0   );
INSERT INTO FINANZAS_PERSONALES( FECHA , CLASIFICACION , ASUNTO , DESCRIPCION , GASTO , INGRESO )VALUES('2016-12-17' , 'Ocio' , 'Kebap' , 'Menu pedrata grande' , 6.5 , 0.0   );
INSERT INTO FINANZAS_PERSONALES( FECHA , CLASIFICACION , ASUNTO , DESCRIPCION , GASTO , INGRESO )VALUES('2016-12-17' , 'Gastos' , 'TodoACien' , '3 Tipex 2 lapices 2H' , 3.0 , 0.0   );
INSERT INTO FINANZAS_PERSONALES( FECHA , CLASIFICACION , ASUNTO , DESCRIPCION , GASTO , INGRESO )VALUES('2016-12-23' , 'Caprichos' , 'Steam' , 'Insurgency' , 1.99 , 0.0   );
INSERT INTO FINANZAS_PERSONALES( FECHA , CLASIFICACION , ASUNTO , DESCRIPCION , GASTO , INGRESO )VALUES('2016-12-25' , 'Regalos' , 'Estrenas' , 'Estrenas abuela AnaMari de navidad' , 0.0 , 200.0   );
INSERT INTO FINANZAS_PERSONALES( FECHA , CLASIFICACION , ASUNTO , DESCRIPCION , GASTO , INGRESO )VALUES('2016-12-25' , 'Regalos' , 'Estrenas' , 'Eatrenas Papa de navidad ' , 0.0 , 130.0   );
INSERT INTO FINANZAS_PERSONALES( FECHA , CLASIFICACION , ASUNTO , DESCRIPCION , GASTO , INGRESO )VALUES('2016-12-26' , 'Regalos' , 'Estrenas' , 'Estrenas mama de navidad' , 0.0 , 100.0   );
INSERT INTO FINANZAS_PERSONALES( FECHA , CLASIFICACION , ASUNTO , DESCRIPCION , GASTO , INGRESO )VALUES('2016-12-26' , 'Banco' , 'Abono de intereses' , 'Abono de intereses' , 0.0 , 1.2   );
INSERT INTO FINANZAS_PERSONALES( FECHA , CLASIFICACION , ASUNTO , DESCRIPCION , GASTO , INGRESO )VALUES('2016-12-27' , 'Caprichos' , 'Steam' , 'Planetary Aniquilations Titans' , 5.54 , 0.0   );
INSERT INTO FINANZAS_PERSONALES( FECHA , CLASIFICACION , ASUNTO , DESCRIPCION , GASTO , INGRESO )VALUES('2017-1-1' , 'Salario' , 'Pension' , 'Pension de David' , 0.0 , 300.0   );
INSERT INTO FINANZAS_PERSONALES( FECHA , CLASIFICACION , ASUNTO , DESCRIPCION , GASTO , INGRESO )VALUES('2017-1-2' , 'Regalos' , 'Regalo' , 'Regalo de Navidad de Sstella' , 12.9 , 0.0   );
INSERT INTO FINANZAS_PERSONALES( FECHA , CLASIFICACION , ASUNTO , DESCRIPCION , GASTO , INGRESO )VALUES('2017-1-2' , 'Transporte' , 'Renfe' , 'Ida a Carcaixent_Valencia' , 3.7 , 0.0   );
INSERT INTO FINANZAS_PERSONALES( FECHA , CLASIFICACION , ASUNTO , DESCRIPCION , GASTO , INGRESO )VALUES('2017-1-2' , 'Gastos' , 'Farmacia' , 'Frenadol' , 7.95 , 0.0   );
INSERT INTO FINANZAS_PERSONALES( FECHA , CLASIFICACION , ASUNTO , DESCRIPCION , GASTO , INGRESO )VALUES('2017-1-2' , 'Ocio' , 'Comida/Cena' , 'Cena restaurante japones KIOTO' , 24.28 , 0.0   );
INSERT INTO FINANZAS_PERSONALES( FECHA , CLASIFICACION , ASUNTO , DESCRIPCION , GASTO , INGRESO )VALUES('2017-1-3' , 'Transporte' , 'Renfe' , 'Ida a Valencia_Carcaixent' , 3.7 , 0.0   );
INSERT INTO FINANZAS_PERSONALES( FECHA , CLASIFICACION , ASUNTO , DESCRIPCION , GASTO , INGRESO )VALUES('2017-1-6' , 'Regalos' , 'Estrenas' , 'Estrenas Tio Pablo de navidad' , 0.0 , 70.0   );
INSERT INTO FINANZAS_PERSONALES( FECHA , CLASIFICACION , ASUNTO , DESCRIPCION , GASTO , INGRESO )VALUES('2017-1-10' , 'Transporte' , 'Metro' , 'Recarga Barick' , 10.0 , 0.0   );
INSERT INTO FINANZAS_PERSONALES( FECHA , CLASIFICACION , ASUNTO , DESCRIPCION , GASTO , INGRESO )VALUES('2017-1-13' , 'Ocio' , 'Comida/Cena' , 'Muffing' , 2.0 , 0.0   );
INSERT INTO FINANZAS_PERSONALES( FECHA , CLASIFICACION , ASUNTO , DESCRIPCION , GASTO , INGRESO )VALUES('2017-1-19' , 'Gastos' , 'Compras' , 'tijeras de u–as' , 1.0 , 0.0   );
INSERT INTO FINANZAS_PERSONALES( FECHA , CLASIFICACION , ASUNTO , DESCRIPCION , GASTO , INGRESO )VALUES('2017-1-20' , 'Ocio' , 'Comida/Cena' , '2 Perritos calientes con cebolla' , 2.0 , 0.0   );
INSERT INTO FINANZAS_PERSONALES( FECHA , CLASIFICACION , ASUNTO , DESCRIPCION , GASTO , INGRESO )VALUES('2017-1-21' , 'Ocio' , 'Comida/Cena' , 'Dominos Pizza - come y veve para 2' , 7.0 , 0.0   );
INSERT INTO FINANZAS_PERSONALES( FECHA , CLASIFICACION , ASUNTO , DESCRIPCION , GASTO , INGRESO )VALUES('2017-1-25' , 'Transporte' , 'Metro' , 'Recarga Barick' , 10.0 , 0.0   );
INSERT INTO FINANZAS_PERSONALES( FECHA , CLASIFICACION , ASUNTO , DESCRIPCION , GASTO , INGRESO )VALUES('2017-1-26' , 'Gastos' , 'Reprografia' , 'Libro de matematicas algebra' , 10.0 , 0.0   );
INSERT INTO FINANZAS_PERSONALES( FECHA , CLASIFICACION , ASUNTO , DESCRIPCION , GASTO , INGRESO )VALUES('2017-1-27' , 'Ocio' , 'Comida/Cena' , 'Bar Uni' , 3.6 , 0.0   );
INSERT INTO FINANZAS_PERSONALES( FECHA , CLASIFICACION , ASUNTO , DESCRIPCION , GASTO , INGRESO )VALUES('2017-1-31' , 'Transporte' , 'Metro' , 'Recarga Barick' , 10.0 , 0.0   );
INSERT INTO FINANZAS_PERSONALES( FECHA , CLASIFICACION , ASUNTO , DESCRIPCION , GASTO , INGRESO )VALUES('2017-1-31' , 'Gastos' , 'Reprografia' , 'Libro de...' , 15.05 , 0.0   );
INSERT INTO FINANZAS_PERSONALES( FECHA , CLASIFICACION , ASUNTO , DESCRIPCION , GASTO , INGRESO )VALUES('2017-1-31' , 'Ocio' , 'Comida/Cena' , 'Bar Uni' , 4.0 , 0.0   );
INSERT INTO FINANZAS_PERSONALES( FECHA , CLASIFICACION , ASUNTO , DESCRIPCION , GASTO , INGRESO )VALUES('2017-2-1' , 'Salario' , 'Pension' , 'Pension de David' , 0.0 , 200.0   );
INSERT INTO FINANZAS_PERSONALES( FECHA , CLASIFICACION , ASUNTO , DESCRIPCION , GASTO , INGRESO )VALUES('2017-2-1' , 'Vivienda' , 'Alquiler' , 'Piso de Alex Ye en Bilbao ' , 325.0 , 325.0   );
INSERT INTO FINANZAS_PERSONALES( FECHA , CLASIFICACION , ASUNTO , DESCRIPCION , GASTO , INGRESO )VALUES('2017-2-4' , 'Gastos' , 'Compras' , 'Compra semanal' , 56.93 , 0.0   );
INSERT INTO FINANZAS_PERSONALES( FECHA , CLASIFICACION , ASUNTO , DESCRIPCION , GASTO , INGRESO )VALUES('2017-2-4' , 'Compras' , 'Compras' , 'Basurero cesto chinos' , 17.7 , 0.0   );
INSERT INTO FINANZAS_PERSONALES( FECHA , CLASIFICACION , ASUNTO , DESCRIPCION , GASTO , INGRESO )VALUES('2017-2-10' , 'Gastos' , 'Compras' , 'Compra semanal' , 9.83 , 0.0   );
INSERT INTO FINANZAS_PERSONALES( FECHA , CLASIFICACION , ASUNTO , DESCRIPCION , GASTO , INGRESO )VALUES('2017-2-11' , 'Ocio' , 'Comida/Cena' , '2 x Cerveza con limon Pozas40' , 4.0 , 0.0   );
INSERT INTO FINANZAS_PERSONALES( FECHA , CLASIFICACION , ASUNTO , DESCRIPCION , GASTO , INGRESO )VALUES('2017-2-11' , 'Gastos' , 'Compras' , '2 x Pizzas' , 4.73 , 0.0   );
INSERT INTO FINANZAS_PERSONALES( FECHA , CLASIFICACION , ASUNTO , DESCRIPCION , GASTO , INGRESO )VALUES('2017-2-11' , 'Ocio' , 'Comida/Cena' , 'Moscato' , 3.0 , 0.0   );
INSERT INTO FINANZAS_PERSONALES( FECHA , CLASIFICACION , ASUNTO , DESCRIPCION , GASTO , INGRESO )VALUES('2017-2-12' , 'Gastos' , 'Compras' , 'Papel higiŽnico' , 2.0 , 0.0   );
INSERT INTO FINANZAS_PERSONALES( FECHA , CLASIFICACION , ASUNTO , DESCRIPCION , GASTO , INGRESO )VALUES('2017-2-14' , 'Ocio' , 'Comida/Cena' , 'hamburguesa' , 5.2 , 0.0   );
INSERT INTO FINANZAS_PERSONALES( FECHA , CLASIFICACION , ASUNTO , DESCRIPCION , GASTO , INGRESO )VALUES('2017-2-16' , 'Gastos' , 'Compras' , 'Compra semanal' , 10.96 , 0.0   );
INSERT INTO FINANZAS_PERSONALES( FECHA , CLASIFICACION , ASUNTO , DESCRIPCION , GASTO , INGRESO )VALUES('2017-2-19' , 'Ocio' , 'Comida/Cena' , '2 x Cerveza con limon billar' , 4.0 , 0.0   );
INSERT INTO FINANZAS_PERSONALES( FECHA , CLASIFICACION , ASUNTO , DESCRIPCION , GASTO , INGRESO )VALUES('2017-2-20' , 'Gastos' , 'Compras' , 'Compra semanal' , 35.18 , 0.0   );
INSERT INTO FINANZAS_PERSONALES( FECHA , CLASIFICACION , ASUNTO , DESCRIPCION , GASTO , INGRESO )VALUES('2017-2-23' , 'Gastos' , 'Compras' , 'Compra semanal' , 12.52 , 0.0   );
INSERT INTO FINANZAS_PERSONALES( FECHA , CLASIFICACION , ASUNTO , DESCRIPCION , GASTO , INGRESO )VALUES('2017-2-24' , 'Estudios' , 'Universidad' , 'Tasa matricula' , 460.56 , 0.0   );
INSERT INTO FINANZAS_PERSONALES( FECHA , CLASIFICACION , ASUNTO , DESCRIPCION , GASTO , INGRESO )VALUES('2017-3-1' , 'Salario' , 'Pension' , 'Pension de David' , 0.0 , 200.0   );
INSERT INTO FINANZAS_PERSONALES( FECHA , CLASIFICACION , ASUNTO , DESCRIPCION , GASTO , INGRESO )VALUES('2017-3-1' , 'Vivienda' , 'Alquiler' , 'Piso de Alex Ye en Bilbao ' , 325.0 , 325.0   );
INSERT INTO FINANZAS_PERSONALES( FECHA , CLASIFICACION , ASUNTO , DESCRIPCION , GASTO , INGRESO )VALUES('2017-3-2' , 'Gastos' , 'Compras' , 'Galletas reyenas' , 1.78 , 0.0   );
INSERT INTO FINANZAS_PERSONALES( FECHA , CLASIFICACION , ASUNTO , DESCRIPCION , GASTO , INGRESO )VALUES('2017-3-6' , 'Gastos' , 'Compras' , 'Compra semanal' , 12.76 , 0.0   );
INSERT INTO FINANZAS_PERSONALES( FECHA , CLASIFICACION , ASUNTO , DESCRIPCION , GASTO , INGRESO )VALUES('2017-3-10' , 'Transporte' , 'Metro' , 'Recarga Barick' , 10.0 , 0.0   );
INSERT INTO FINANZAS_PERSONALES( FECHA , CLASIFICACION , ASUNTO , DESCRIPCION , GASTO , INGRESO )VALUES('2017-3-13' , 'Gastos' , 'Compras' , 'Compra semanal' , 23.28 , 0.0   );
INSERT INTO FINANZAS_PERSONALES( FECHA , CLASIFICACION , ASUNTO , DESCRIPCION , GASTO , INGRESO )VALUES('2017-3-13' , 'Ocio' , 'Fiesta' , 'Concierto melendi' , 38.2 , 0.0   );
INSERT INTO FINANZAS_PERSONALES( FECHA , CLASIFICACION , ASUNTO , DESCRIPCION , GASTO , INGRESO )VALUES('2017-3-17' , 'Ocio' , 'Comida/Cena' , 'Bar Uni' , 3.6 , 0.0   );
INSERT INTO FINANZAS_PERSONALES( FECHA , CLASIFICACION , ASUNTO , DESCRIPCION , GASTO , INGRESO )VALUES('2017-3-18' , 'Caprichos' , 'Regalo' , 'Pack Principiante Clash Royale' , 9.99 , 0.0   );
INSERT INTO FINANZAS_PERSONALES( FECHA , CLASIFICACION , ASUNTO , DESCRIPCION , GASTO , INGRESO )VALUES('2017-3-20' , 'Gastos' , 'Compras' , 'Compra semanal' , 12.62 , 0.0   );
INSERT INTO FINANZAS_PERSONALES( FECHA , CLASIFICACION , ASUNTO , DESCRIPCION , GASTO , INGRESO )VALUES('2017-3-28' , 'Gastos' , 'Compras' , 'Compra semanal' , 17.21 , 0.0   );
INSERT INTO FINANZAS_PERSONALES( FECHA , CLASIFICACION , ASUNTO , DESCRIPCION , GASTO , INGRESO )VALUES('2017-3-31' , 'Ocio' , 'Comida/Cena' , 'Bar Uni' , 3.6 , 0.0   );
INSERT INTO FINANZAS_PERSONALES( FECHA , CLASIFICACION , ASUNTO , DESCRIPCION , GASTO , INGRESO )VALUES('2017-4-1' , 'Salario' , 'Pension' , 'Pension de David' , 0.0 , 200.0   );
INSERT INTO FINANZAS_PERSONALES( FECHA , CLASIFICACION , ASUNTO , DESCRIPCION , GASTO , INGRESO )VALUES('2017-4-1' , 'Vivienda' , 'Alquiler' , 'Piso de Alex Ye en Bilbao ' , 325.0 , 325.0   );
INSERT INTO FINANZAS_PERSONALES( FECHA , CLASIFICACION , ASUNTO , DESCRIPCION , GASTO , INGRESO )VALUES('2017-4-1' , 'Transporte' , 'BilmanBus' , 'ida y vuelta Bilvao-Valencia por pascuas' , 68.38 , 0.0   );
INSERT INTO FINANZAS_PERSONALES( FECHA , CLASIFICACION , ASUNTO , DESCRIPCION , GASTO , INGRESO )VALUES('2017-4-6' , 'Gastos' , 'Compras' , 'Compra semanasl' , 22.63 , 0.0   );
INSERT INTO FINANZAS_PERSONALES( FECHA , CLASIFICACION , ASUNTO , DESCRIPCION , GASTO , INGRESO )VALUES('2017-4-6' , 'Gastos' , 'Compras' , 'Suministros para el biaje' , 3.8 , 0.0   );
INSERT INTO FINANZAS_PERSONALES( FECHA , CLASIFICACION , ASUNTO , DESCRIPCION , GASTO , INGRESO )VALUES('2017-4-15' , 'Ocio' , 'Comida/Cena' , 'Cena pascuas con Vicent y Bacarra' , 11.75 , 0.0   );
INSERT INTO FINANZAS_PERSONALES( FECHA , CLASIFICACION , ASUNTO , DESCRIPCION , GASTO , INGRESO )VALUES('2017-4-16' , 'Ocio' , 'Comida/Cena' , 'Cena pascuas con Vicent y Bacarra' , 4.0 , 0.0   );
INSERT INTO FINANZAS_PERSONALES( FECHA , CLASIFICACION , ASUNTO , DESCRIPCION , GASTO , INGRESO )VALUES('2017-4-21' , 'Caprichos' , 'InstantGaming' , 'EUIV (80%Rebajas)' , 7.46 , 0.0   );
INSERT INTO FINANZAS_PERSONALES( FECHA , CLASIFICACION , ASUNTO , DESCRIPCION , GASTO , INGRESO )VALUES('2017-4-21' , 'Ocio' , 'Comida/Cena' , 'Cena Vicente Japones Valencia' , 20.0 , 50.0   );
INSERT INTO FINANZAS_PERSONALES( FECHA , CLASIFICACION , ASUNTO , DESCRIPCION , GASTO , INGRESO )VALUES('2017-4-21' , 'Gastos' , 'Compras' , 'Suministros para el biaje' , 2.5 , 0.0   );
INSERT INTO FINANZAS_PERSONALES( FECHA , CLASIFICACION , ASUNTO , DESCRIPCION , GASTO , INGRESO )VALUES('2017-4-28' , 'Gastos' , 'Compras' , 'Suministros para el biaje' , 20.42 , 0.0   );
INSERT INTO FINANZAS_PERSONALES( FECHA , CLASIFICACION , ASUNTO , DESCRIPCION , GASTO , INGRESO )VALUES('2017-4-28' , 'Transporte' , 'Metro' , 'Recarga Barick' , 10.0 , 0.0   );
INSERT INTO FINANZAS_PERSONALES( FECHA , CLASIFICACION , ASUNTO , DESCRIPCION , GASTO , INGRESO )VALUES('2017-4-28' , 'Ocio' , 'bolera' , 'bolera ballonti' , 6.0 , 0.0   );
INSERT INTO FINANZAS_PERSONALES( FECHA , CLASIFICACION , ASUNTO , DESCRIPCION , GASTO , INGRESO )VALUES('2017-5-1' , 'Salario' , 'Pension' , 'Pension de David' , 0.0 , 200.0   );
INSERT INTO FINANZAS_PERSONALES( FECHA , CLASIFICACION , ASUNTO , DESCRIPCION , GASTO , INGRESO )VALUES('2017-5-1' , 'Vivienda' , 'Alquiler' , 'Piso de Alex Ye en Bilbao ' , 325.0 , 325.0   );
INSERT INTO FINANZAS_PERSONALES( FECHA , CLASIFICACION , ASUNTO , DESCRIPCION , GASTO , INGRESO )VALUES('2017-5-2' , 'Gastos' , 'Reprografia' , 'Goma borrar' , 0.3 , 0.0   );
INSERT INTO FINANZAS_PERSONALES( FECHA , CLASIFICACION , ASUNTO , DESCRIPCION , GASTO , INGRESO )VALUES('2017-5-2' , 'Regalos' , 'Regalos' , 'Regalo Cumple mama' , 0.0 , 50.0   );
INSERT INTO FINANZAS_PERSONALES( FECHA , CLASIFICACION , ASUNTO , DESCRIPCION , GASTO , INGRESO )VALUES('2017-5-5' , 'Gastos' , 'Compras' , 'Compra semanal' , 13.44 , 0.0   );
INSERT INTO FINANZAS_PERSONALES( FECHA , CLASIFICACION , ASUNTO , DESCRIPCION , GASTO , INGRESO )VALUES('2017-5-6' , 'Ocio' , 'Billar' , 'Partidas de villar' , 4.5 , 0.0   );
INSERT INTO FINANZAS_PERSONALES( FECHA , CLASIFICACION , ASUNTO , DESCRIPCION , GASTO , INGRESO )VALUES('2017-5-11' , 'Gastos' , 'Compras' , 'Compra semanal' , 12.43 , 0.0   );
INSERT INTO FINANZAS_PERSONALES( FECHA , CLASIFICACION , ASUNTO , DESCRIPCION , GASTO , INGRESO )VALUES('2017-5-13' , 'Ocio' , 'Concierto' , 'Botella de agua' , 3.5 , 0.0   );
INSERT INTO FINANZAS_PERSONALES( FECHA , CLASIFICACION , ASUNTO , DESCRIPCION , GASTO , INGRESO )VALUES('2017-5-19' , 'Gastos' , 'Compras' , 'Compra semanal' , 10.45 , 0.0   );
INSERT INTO FINANZAS_PERSONALES( FECHA , CLASIFICACION , ASUNTO , DESCRIPCION , GASTO , INGRESO )VALUES('2017-5-19' , 'Ocio' , 'Merienda' , 'Merienda ' , 5.4 , 0.0   );
INSERT INTO FINANZAS_PERSONALES( FECHA , CLASIFICACION , ASUNTO , DESCRIPCION , GASTO , INGRESO )VALUES('2017-5-22' , 'Gastos' , 'Compras' , 'Compra semanal' , 19.32 , 0.0   );
INSERT INTO FINANZAS_PERSONALES( FECHA , CLASIFICACION , ASUNTO , DESCRIPCION , GASTO , INGRESO )VALUES('2017-5-24' , 'Gastos' , 'Compras' , 'Compra semanal' , 9.43 , 0.0   );
INSERT INTO FINANZAS_PERSONALES( FECHA , CLASIFICACION , ASUNTO , DESCRIPCION , GASTO , INGRESO )VALUES('2017-5-24' , 'Gastos' , 'Peluqueria' , 'Compra semanal' , 13.0 , 0.0   );
INSERT INTO FINANZAS_PERSONALES( FECHA , CLASIFICACION , ASUNTO , DESCRIPCION , GASTO , INGRESO )VALUES('2017-5-30' , 'Regalos' , 'Cumplea–os' , 'Mochila impermeable camara Wish Sstella' , 16.0 , 0.0   );
INSERT INTO FINANZAS_PERSONALES( FECHA , CLASIFICACION , ASUNTO , DESCRIPCION , GASTO , INGRESO )VALUES('2017-6-1' , 'Salario' , 'Pension' , 'Pension de David' , 0.0 , 200.0   );
INSERT INTO FINANZAS_PERSONALES( FECHA , CLASIFICACION , ASUNTO , DESCRIPCION , GASTO , INGRESO )VALUES('2017-6-1' , 'Vivienda' , 'Alquiler' , 'Piso de Alex Ye en Bilbao ' , 325.0 , 325.0   );
INSERT INTO FINANZAS_PERSONALES( FECHA , CLASIFICACION , ASUNTO , DESCRIPCION , GASTO , INGRESO )VALUES('2017-6-1' , 'Transporte' , 'BilmanBus' , 'ida Valencia por verano' , 34.19 , 0.0   );
INSERT INTO FINANZAS_PERSONALES( FECHA , CLASIFICACION , ASUNTO , DESCRIPCION , GASTO , INGRESO )VALUES('2017-6-2' , 'Transporte' , 'Metro' , 'Recarga Barick' , 10.0 , 0.0   );
INSERT INTO FINANZAS_PERSONALES( FECHA , CLASIFICACION , ASUNTO , DESCRIPCION , GASTO , INGRESO )VALUES('2017-6-13' , 'Regalos' , 'Cumplea–os' , 'Canon EOS1100 Regalo Sstella ' , 245.1 , 0.0   );
INSERT INTO FINANZAS_PERSONALES( FECHA , CLASIFICACION , ASUNTO , DESCRIPCION , GASTO , INGRESO )VALUES('2017-6-14' , 'Gastos' , 'Compras' , 'Compra semanal' , 15.56 , 0.0   );
INSERT INTO FINANZAS_PERSONALES( FECHA , CLASIFICACION , ASUNTO , DESCRIPCION , GASTO , INGRESO )VALUES('2017-6-16' , 'Transporte' , 'Metro' , 'Recarga Barick' , 13.0 , 0.0   );
INSERT INTO FINANZAS_PERSONALES( FECHA , CLASIFICACION , ASUNTO , DESCRIPCION , GASTO , INGRESO )VALUES('2017-6-19' , 'Gastos' , 'Compras' , 'Compra semanal' , 5.55 , 0.0   );
INSERT INTO FINANZAS_PERSONALES( FECHA , CLASIFICACION , ASUNTO , DESCRIPCION , GASTO , INGRESO )VALUES('2017-6-22' , 'Caprichos' , 'Rebajas' , 'Super rebajas Steam 22 juegos ' , 27.75 , 10.0   );
INSERT INTO FINANZAS_PERSONALES( FECHA , CLASIFICACION , ASUNTO , DESCRIPCION , GASTO , INGRESO )VALUES('2017-6-23' , 'Compras' , 'Movil' , 'LG g6 de amazon' , 560.77 , 560.77   );
INSERT INTO FINANZAS_PERSONALES( FECHA , CLASIFICACION , ASUNTO , DESCRIPCION , GASTO , INGRESO )VALUES('2017-6-25' , 'Ocio' , 'Comida/Cena' , 'pizza Quedada con visent' , 10.0 , 10.0   );
INSERT INTO FINANZAS_PERSONALES( FECHA , CLASIFICACION , ASUNTO , DESCRIPCION , GASTO , INGRESO )VALUES('2017-7-1' , 'Salario' , 'Pension' , 'Pension de David' , 0.0 , 200.0   );
INSERT INTO FINANZAS_PERSONALES( FECHA , CLASIFICACION , ASUNTO , DESCRIPCION , GASTO , INGRESO )VALUES('2017-7-1' , 'Ocio' , 'Comida/Cena' , 'quedada Vicent y Bacarra' , 4.0 , 0.0   );
INSERT INTO FINANZAS_PERSONALES( FECHA , CLASIFICACION , ASUNTO , DESCRIPCION , GASTO , INGRESO )VALUES('2017-7-3' , 'Caprichos' , 'Rebajas' , 'Super rebajas steam StarBounder' , 7.0 , 1.0   );
INSERT INTO FINANZAS_PERSONALES( FECHA , CLASIFICACION , ASUNTO , DESCRIPCION , GASTO , INGRESO )VALUES('2017-7-17' , 'Viajes' , 'Viaje' , 'viaje a palma - Novia de Luis' , 500.0 , 500.0   );
INSERT INTO FINANZAS_PERSONALES( FECHA , CLASIFICACION , ASUNTO , DESCRIPCION , GASTO , INGRESO )VALUES('2017-7-20' , 'Ocio' , 'Comida/Cena' , 'quedada Vicent' , 4.0 , 4.0   );
INSERT INTO FINANZAS_PERSONALES( FECHA , CLASIFICACION , ASUNTO , DESCRIPCION , GASTO , INGRESO )VALUES('2017-7-21' , 'Caprichos' , 'Rebajas' , 'WarHammer Vermintide + DLC Dchuluesselschloss' , 6.1 , 0.0   );
INSERT INTO FINANZAS_PERSONALES( FECHA , CLASIFICACION , ASUNTO , DESCRIPCION , GASTO , INGRESO )VALUES('2017-7-25' , 'Estudios' , 'Correos' , 'Certificado familia numerosa ' , 15.5 , 15.5   );
INSERT INTO FINANZAS_PERSONALES( FECHA , CLASIFICACION , ASUNTO , DESCRIPCION , GASTO , INGRESO )VALUES('2017-7-27' , 'Ocio' , 'Cine' , 'Pase mensual CineRibera' , 20.0 , 20.0   );
INSERT INTO FINANZAS_PERSONALES( FECHA , CLASIFICACION , ASUNTO , DESCRIPCION , GASTO , INGRESO )VALUES('2017-8-1' , 'Salario' , 'Pension' , 'Pension de David' , 0.0 , 250.0   );
INSERT INTO FINANZAS_PERSONALES( FECHA , CLASIFICACION , ASUNTO , DESCRIPCION , GASTO , INGRESO )VALUES('2017-8-1' , 'Ocio' , 'Comida/Cena' , 'Pizza Carcaixent ' , 10.0 , 10.0   );
INSERT INTO FINANZAS_PERSONALES( FECHA , CLASIFICACION , ASUNTO , DESCRIPCION , GASTO , INGRESO )VALUES('2017-8-10' , 'Transporte' , 'Renfe ' , 'Quedada Soft combat' , 5.5 , 0.0   );
INSERT INTO FINANZAS_PERSONALES( FECHA , CLASIFICACION , ASUNTO , DESCRIPCION , GASTO , INGRESO )VALUES('2017-8-10' , 'Transporte' , 'Bonometro valencia ' , 'Quedada Soft combat' , 7.5 , 0.0   );
INSERT INTO FINANZAS_PERSONALES( FECHA , CLASIFICACION , ASUNTO , DESCRIPCION , GASTO , INGRESO )VALUES('2017-8-10' , 'Ocio' , 'Comida/Cena' , 'Quebap Carcaixent ' , 6.0 , 0.0   );
INSERT INTO FINANZAS_PERSONALES( FECHA , CLASIFICACION , ASUNTO , DESCRIPCION , GASTO , INGRESO )VALUES('2017-8-11' , 'Ocio' , 'Material Soft combat' , 'Escudo y lanza' , 30.0 , 0.0   );
INSERT INTO FINANZAS_PERSONALES( FECHA , CLASIFICACION , ASUNTO , DESCRIPCION , GASTO , INGRESO )VALUES('2017-8-17' , 'Ocio' , 'Comida/Cena' , 'Pans Carcaixent ' , 15.0 , 0.0   );
INSERT INTO FINANZAS_PERSONALES( FECHA , CLASIFICACION , ASUNTO , DESCRIPCION , GASTO , INGRESO )VALUES('2017-8-23' , 'Ocio' , 'Comida/Cena' , 'menœ doble burger king' , 3.0 , 0.0   );
INSERT INTO FINANZAS_PERSONALES( FECHA , CLASIFICACION , ASUNTO , DESCRIPCION , GASTO , INGRESO )VALUES('2017-8-17' , 'Ocio' , 'Comida/Cena' , 'menœ chinos' , 6.0 , 0.0   );
INSERT INTO FINANZAS_PERSONALES( FECHA , CLASIFICACION , ASUNTO , DESCRIPCION , GASTO , INGRESO )VALUES('2017-8-30' , 'Ocio' , 'Comida/Cena' , 'Burguer nuevo' , 6.0 , 0.0   );
INSERT INTO FINANZAS_PERSONALES( FECHA , CLASIFICACION , ASUNTO , DESCRIPCION , GASTO , INGRESO )VALUES('2017-8-31' , 'Ocio' , 'Comida/Cena' , 'Pans' , 6.0 , 0.0   );
INSERT INTO FINANZAS_PERSONALES( FECHA , CLASIFICACION , ASUNTO , DESCRIPCION , GASTO , INGRESO )VALUES('2017-8-31' , 'Caprichos' , 'Rebajas' , 'Pack TotalWar Edition' , 27.49 , 0.0   );
INSERT INTO FINANZAS_PERSONALES( FECHA , CLASIFICACION , ASUNTO , DESCRIPCION , GASTO , INGRESO )VALUES('2017-9-1' , 'Salario' , 'Pension' , 'Pension de David' , 0.0 , 250.0   );
INSERT INTO FINANZAS_PERSONALES( FECHA , CLASIFICACION , ASUNTO , DESCRIPCION , GASTO , INGRESO )VALUES('2017-9-1' , 'Vivienda' , 'Alquiler' , 'Piso de Alex Ye en Bilbao ' , 325.0 , 325.0   );
INSERT INTO FINANZAS_PERSONALES( FECHA , CLASIFICACION , ASUNTO , DESCRIPCION , GASTO , INGRESO )VALUES('2017-9-3' , 'Transporte' , 'BilmanBus' , 'ida Valencia por verano' , 27.36 , 0.0   );
INSERT INTO FINANZAS_PERSONALES( FECHA , CLASIFICACION , ASUNTO , DESCRIPCION , GASTO , INGRESO )VALUES('2017-9-10' , 'Ocio' , 'Comida/Cena' , 'Pizza dominos' , 8.5 , 0.0   );
INSERT INTO FINANZAS_PERSONALES( FECHA , CLASIFICACION , ASUNTO , DESCRIPCION , GASTO , INGRESO )VALUES('2017-9-11' , 'Gastos' , 'Compra Semanal ' , 'Mercadona' , 23.28 , 0.0   );
INSERT INTO FINANZAS_PERSONALES( FECHA , CLASIFICACION , ASUNTO , DESCRIPCION , GASTO , INGRESO )VALUES('2017-9-12' , 'Gastos' , 'Compra Semanal ' , 'Erosky' , 13.93 , 0.0   );
INSERT INTO FINANZAS_PERSONALES( FECHA , CLASIFICACION , ASUNTO , DESCRIPCION , GASTO , INGRESO )VALUES('2017-9-13' , 'Estudios' , 'Matricula Universidad ' , 'Primer plazo Segundo curso Ingeneria informatica' , 282.68 , 0.0   );
INSERT INTO FINANZAS_PERSONALES( FECHA , CLASIFICACION , ASUNTO , DESCRIPCION , GASTO , INGRESO )VALUES('2017-9-13' , 'Gastos' , 'Compra Semanal ' , 'Mercadona' , 13.61 , 0.0   );
INSERT INTO FINANZAS_PERSONALES( FECHA , CLASIFICACION , ASUNTO , DESCRIPCION , GASTO , INGRESO )VALUES('2017-9-27' , 'Caprichos' , 'Rebajas' , 'Pack PortRoyale Edition' , 5.99 , 0.0   );
INSERT INTO FINANZAS_PERSONALES( FECHA , CLASIFICACION , ASUNTO , DESCRIPCION , GASTO , INGRESO )VALUES('2017-10-1' , 'Salario' , 'Pension' , 'Pension de David' , 0.0 , 200.0   );
INSERT INTO FINANZAS_PERSONALES( FECHA , CLASIFICACION , ASUNTO , DESCRIPCION , GASTO , INGRESO )VALUES('2017-10-1' , 'Vivienda' , 'Alquiler' , 'Piso de Alex Ye en Bilbao ' , 325.0 , 325.0   );
INSERT INTO FINANZAS_PERSONALES( FECHA , CLASIFICACION , ASUNTO , DESCRIPCION , GASTO , INGRESO )VALUES('2017-10-2' , 'Gastos' , 'Compra Semanal ' , 'Erosky' , 15.58 , 0.0   );
INSERT INTO FINANZAS_PERSONALES( FECHA , CLASIFICACION , ASUNTO , DESCRIPCION , GASTO , INGRESO )VALUES('2017-10-10' , 'Caprichos' , 'Steam' , 'Civilizations V & DLCs' , 8.7 , 0.0   );
INSERT INTO FINANZAS_PERSONALES( FECHA , CLASIFICACION , ASUNTO , DESCRIPCION , GASTO , INGRESO )VALUES('2017-10-10' , 'Caprichos' , 'Steam' , 'Skyrim & DLCs' , 7.99 , 0.0   );
INSERT INTO FINANZAS_PERSONALES( FECHA , CLASIFICACION , ASUNTO , DESCRIPCION , GASTO , INGRESO )VALUES('2017-10-13' , 'Ocio' , 'BarUni' , 'Bocadillo jamaica' , 3.55 , 0.0   );
INSERT INTO FINANZAS_PERSONALES( FECHA , CLASIFICACION , ASUNTO , DESCRIPCION , GASTO , INGRESO )VALUES('2017-10-14' , 'Transporte' , 'BonoMetro' , 'Recarga Barick' , 10.0 , 0.0   );
INSERT INTO FINANZAS_PERSONALES( FECHA , CLASIFICACION , ASUNTO , DESCRIPCION , GASTO , INGRESO )VALUES('2017-10-17' , 'Gastos' , 'Compra Semanal ' , 'Mercadona' , 19.19 , 0.0   );
INSERT INTO FINANZAS_PERSONALES( FECHA , CLASIFICACION , ASUNTO , DESCRIPCION , GASTO , INGRESO )VALUES('2017-10-17' , 'Gastos' , 'Compra Semanal ' , 'Erosky' , 11.1 , 0.0   );
INSERT INTO FINANZAS_PERSONALES( FECHA , CLASIFICACION , ASUNTO , DESCRIPCION , GASTO , INGRESO )VALUES('2017-10-29' , 'Caprichos' , 'Steam' , 'Praetorians' , 0.75 , 0.0   );
INSERT INTO FINANZAS_PERSONALES( FECHA , CLASIFICACION , ASUNTO , DESCRIPCION , GASTO , INGRESO )VALUES('2017-10-31' , 'Gastos' , 'Compra Semanal ' , 'Erosky' , 11.85 , 0.0   );
INSERT INTO FINANZAS_PERSONALES( FECHA , CLASIFICACION , ASUNTO , DESCRIPCION , GASTO , INGRESO )VALUES('2017-11-1' , 'Salario' , 'Pension' , 'Pension de David' , 0.0 , 200.0   );
INSERT INTO FINANZAS_PERSONALES( FECHA , CLASIFICACION , ASUNTO , DESCRIPCION , GASTO , INGRESO )VALUES('2017-11-1' , 'Vivienda' , 'Alquiler' , 'Piso de Alex Ye en Bilbao ' , 325.0 , 325.0   );
INSERT INTO FINANZAS_PERSONALES( FECHA , CLASIFICACION , ASUNTO , DESCRIPCION , GASTO , INGRESO )VALUES('2017-11-4' , 'Caprichos' , 'IG' , 'Galactic Civilizations III' , 1.01 , 0.0   );
INSERT INTO FINANZAS_PERSONALES( FECHA , CLASIFICACION , ASUNTO , DESCRIPCION , GASTO , INGRESO )VALUES('2017-11-4' , 'Caprichos' , 'IG' , 'Stronhold Crusaders II' , 1.42 , 0.0   );
INSERT INTO FINANZAS_PERSONALES( FECHA , CLASIFICACION , ASUNTO , DESCRIPCION , GASTO , INGRESO )VALUES('2017-11-9' , 'Gastos' , 'Compra Semanal ' , 'Mercadona' , 22.22 , 0.0   );
INSERT INTO FINANZAS_PERSONALES( FECHA , CLASIFICACION , ASUNTO , DESCRIPCION , GASTO , INGRESO )VALUES('2017-11-14' , 'Gastos' , 'Compra Semanal ' , 'Erosky' , 10.57 , 0.0   );
INSERT INTO FINANZAS_PERSONALES( FECHA , CLASIFICACION , ASUNTO , DESCRIPCION , GASTO , INGRESO )VALUES('2017-11-21' , 'Gastos' , 'Compra Semanal ' , 'Mercadona' , 15.39 , 0.0   );
INSERT INTO FINANZAS_PERSONALES( FECHA , CLASIFICACION , ASUNTO , DESCRIPCION , GASTO , INGRESO )VALUES('2017-11-23' , 'Gastos' , 'Compra Semanal ' , 'Xino - papel bater' , 5.0 , 0.0   );
INSERT INTO FINANZAS_PERSONALES( FECHA , CLASIFICACION , ASUNTO , DESCRIPCION , GASTO , INGRESO )VALUES('2017-11-23' , 'Caprichos' , 'Steam' , 'Age Of Empires Legacy' , 17.81 , 0.0   );
INSERT INTO FINANZAS_PERSONALES( FECHA , CLASIFICACION , ASUNTO , DESCRIPCION , GASTO , INGRESO )VALUES('2017-11-23' , 'Caprichos' , 'G2A' , 'Crusader Kings II' , 4.16 , 0.0   );
INSERT INTO FINANZAS_PERSONALES( FECHA , CLASIFICACION , ASUNTO , DESCRIPCION , GASTO , INGRESO )VALUES('2017-11-27' , 'Ocio' , 'Comida/Cena' , 'Pizza dominos' , 14.5 , 0.0   );
INSERT INTO FINANZAS_PERSONALES( FECHA , CLASIFICACION , ASUNTO , DESCRIPCION , GASTO , INGRESO )VALUES('2017-12-1' , 'Salario' , 'Pension' , 'Pension de David' , 0.0 , 200.0   );
INSERT INTO FINANZAS_PERSONALES( FECHA , CLASIFICACION , ASUNTO , DESCRIPCION , GASTO , INGRESO )VALUES('2017-12-1' , 'Vivienda' , 'Alquiler' , 'Piso de Alex Ye en Bilbao ' , 325.0 , 325.0   );
INSERT INTO FINANZAS_PERSONALES( FECHA , CLASIFICACION , ASUNTO , DESCRIPCION , GASTO , INGRESO )VALUES('2017-12-3' , 'Caprichos' , 'G2A' , 'Crusader Kings II DLCs VIPs' , 21.1 , 0.0   );
INSERT INTO FINANZAS_PERSONALES( FECHA , CLASIFICACION , ASUNTO , DESCRIPCION , GASTO , INGRESO )VALUES('2017-12-4' , 'Caprichos' , 'G2A' , 'Crusader Kings II DLCs Culturas' , 13.36 , 0.0   );
INSERT INTO FINANZAS_PERSONALES( FECHA , CLASIFICACION , ASUNTO , DESCRIPCION , GASTO , INGRESO )VALUES('2017-12-5' , 'Gastos' , 'Compra Semanal ' , 'Mercadona' , 18.09 , 0.0   );
INSERT INTO FINANZAS_PERSONALES( FECHA , CLASIFICACION , ASUNTO , DESCRIPCION , GASTO , INGRESO )VALUES('2017-12-8' , 'Caprichos' , 'Humble Dumble' , 'Yogscast Jingle Jam 2017!' , 30.78 , 0.0   );
INSERT INTO FINANZAS_PERSONALES( FECHA , CLASIFICACION , ASUNTO , DESCRIPCION , GASTO , INGRESO )VALUES('2017-12-8' , 'Transporte' , 'BilmanBus' , 'ida Valencia por Navidad' , 34.19 , 0.0   );
INSERT INTO FINANZAS_PERSONALES( FECHA , CLASIFICACION , ASUNTO , DESCRIPCION , GASTO , INGRESO )VALUES('2017-12-11' , 'Caprichos' , 'G2A' , 'CK2 Otros DLCs y SpellForce II' , 12.68 , 0.0   );
INSERT INTO FINANZAS_PERSONALES( FECHA , CLASIFICACION , ASUNTO , DESCRIPCION , GASTO , INGRESO )VALUES('2017-12-13' , 'Gastos' , 'Compra Semanal ' , 'Mercadona' , 12.62 , 0.0   );
INSERT INTO FINANZAS_PERSONALES( FECHA , CLASIFICACION , ASUNTO , DESCRIPCION , GASTO , INGRESO )VALUES('2017-12-17' , 'Transporte' , 'BonoMetro' , 'Recarga Barick' , 10.0 , 0.0   );
INSERT INTO FINANZAS_PERSONALES( FECHA , CLASIFICACION , ASUNTO , DESCRIPCION , GASTO , INGRESO )VALUES('2017-12-19' , 'Estudios' , 'Matricula Universidad ' , 'Segundo plazo Segundo curso Ingeneria informatica' , 251.57 , 0.0   );
INSERT INTO FINANZAS_PERSONALES( FECHA , CLASIFICACION , ASUNTO , DESCRIPCION , GASTO , INGRESO )VALUES('2017-12-22' , 'Gastos' , 'Provisiones Biaje' , 'Mercadona' , 2.55 , 0.0   );
INSERT INTO FINANZAS_PERSONALES( FECHA , CLASIFICACION , ASUNTO , DESCRIPCION , GASTO , INGRESO )VALUES('2017-12-24' , 'Ocio' , 'Soft' , 'Materiales armas soft' , 7.5 , 5.0   );
INSERT INTO FINANZAS_PERSONALES( FECHA , CLASIFICACION , ASUNTO , DESCRIPCION , GASTO , INGRESO )VALUES('2017-12-24' , 'Regalos' , 'Regalo Sstella' , 'Viaje aventura Regalo Sstella' , 44.99 , 0.0   );
INSERT INTO FINANZAS_PERSONALES( FECHA , CLASIFICACION , ASUNTO , DESCRIPCION , GASTO , INGRESO )VALUES('2017-12-25' , 'Regalos' , 'Estrenas Abuela' , 'Estrenas Abuela' , 0.0 , 140.0   );
INSERT INTO FINANZAS_PERSONALES( FECHA , CLASIFICACION , ASUNTO , DESCRIPCION , GASTO , INGRESO )VALUES('2017-12-25' , 'Regalos' , 'Estrenas Tio pablo' , 'Estrenas Tio pablo' , 0.0 , 50.0   );
INSERT INTO FINANZAS_PERSONALES( FECHA , CLASIFICACION , ASUNTO , DESCRIPCION , GASTO , INGRESO )VALUES('2017-12-25' , 'Regalos' , 'Estrenas Papa' , 'Estrenas Papa' , 0.0 , 120.0   );
INSERT INTO FINANZAS_PERSONALES( FECHA , CLASIFICACION , ASUNTO , DESCRIPCION , GASTO , INGRESO )VALUES('2017-12-25' , 'Caprichos' , 'Instant Gaming' , 'Cities Skylines' , 4.91 , 0.0   );
INSERT INTO FINANZAS_PERSONALES( FECHA , CLASIFICACION , ASUNTO , DESCRIPCION , GASTO , INGRESO )VALUES('2017-12-26' , 'Regalos' , 'Regalo Mama' , 'Viaje Tour pueblos Regalo Mama' , 53.32 , 33.33   );
INSERT INTO FINANZAS_PERSONALES( FECHA , CLASIFICACION , ASUNTO , DESCRIPCION , GASTO , INGRESO )VALUES('2017-12-26' , 'Ocio' , 'Soft' , 'Materiales armas soft' , 2.49 , 0.0   );
INSERT INTO FINANZAS_PERSONALES( FECHA , CLASIFICACION , ASUNTO , DESCRIPCION , GASTO , INGRESO )VALUES('2017-12-27' , 'Gastos' , 'Peluqueria ' , 'Corte de pelo ' , 10.0 , 10.0   );
INSERT INTO FINANZAS_PERSONALES( FECHA , CLASIFICACION , ASUNTO , DESCRIPCION , GASTO , INGRESO )VALUES('2017-12-27' , 'Ocio' , 'comida/cena' , 'Fosters Vicent' , 21.0 , 0.0   );
INSERT INTO FINANZAS_PERSONALES( FECHA , CLASIFICACION , ASUNTO , DESCRIPCION , GASTO , INGRESO )VALUES('2017-12-28' , 'Ocio' , 'comida/cena' , 'Comida carretera' , 12.0 , 12.0   );
INSERT INTO FINANZAS_PERSONALES( FECHA , CLASIFICACION , ASUNTO , DESCRIPCION , GASTO , INGRESO )VALUES('2017-12-28' , 'Transporte' , 'Valencia Bilbao' , 'Vuelta Navidades' , 30.0 , 30.0   );
INSERT INTO FINANZAS_PERSONALES( FECHA , CLASIFICACION , ASUNTO , DESCRIPCION , GASTO , INGRESO )VALUES('2017-12-29' , 'Ocio' , 'comida/cena' , 'Comida con Llu’s y mama' , 25.0 , 25.0   );
INSERT INTO FINANZAS_PERSONALES( FECHA , CLASIFICACION , ASUNTO , DESCRIPCION , GASTO , INGRESO )VALUES('2017-12-29' , 'Caprichos' , 'Bumble' , 'Humble Monthly Especial Navidades' , 9.41 , 0.0   );
INSERT INTO FINANZAS_PERSONALES( FECHA , CLASIFICACION , ASUNTO , DESCRIPCION , GASTO , INGRESO )VALUES('2017-12-31' , 'Ocio' , 'Museo' , 'Socio museo ' , 5.0 , 5.0   );
INSERT INTO FINANZAS_PERSONALES( FECHA , CLASIFICACION , ASUNTO , DESCRIPCION , GASTO , INGRESO )VALUES('2017-12-31' , 'Regalos' , 'Whish' , 'Tira Leds RGB' , 20.0 , 0.0   );
INSERT INTO FINANZAS_PERSONALES( FECHA , CLASIFICACION , ASUNTO , DESCRIPCION , GASTO , INGRESO )VALUES('2017-12-31' , 'Gastos' , 'Deuda ' , 'Deuda Alex' , 8.0 , 0.0   );
INSERT INTO FINANZAS_PERSONALES( FECHA , CLASIFICACION , ASUNTO , DESCRIPCION , GASTO , INGRESO )VALUES('2017-12-31' , 'Regalos' , 'Estrenas Mama' , 'Estrenas Mama' , 0.0 , 50.0   );
INSERT INTO FINANZAS_PERSONALES( FECHA , CLASIFICACION , ASUNTO , DESCRIPCION , GASTO , INGRESO )VALUES('2018-1-1' , 'Salario' , 'Pension' , 'Pension de David' , 0.0 , 250.0   );
INSERT INTO FINANZAS_PERSONALES( FECHA , CLASIFICACION , ASUNTO , DESCRIPCION , GASTO , INGRESO )VALUES('2018-1-1' , 'Vivienda' , 'Alquiler' , 'Piso de Alex Ye en Bilbao ' , 325.0 , 325.0   );
INSERT INTO FINANZAS_PERSONALES( FECHA , CLASIFICACION , ASUNTO , DESCRIPCION , GASTO , INGRESO )VALUES('2018-1-4' , 'Gastos' , 'Compra Semanal ' , 'Erosky' , 14.77 , 0.0   );
INSERT INTO FINANZAS_PERSONALES( FECHA , CLASIFICACION , ASUNTO , DESCRIPCION , GASTO , INGRESO )VALUES('2018-1-15' , 'Gastos' , 'Compra Semanal ' , 'Mercadona' , 14.81 , 0.0   );
INSERT INTO FINANZAS_PERSONALES( FECHA , CLASIFICACION , ASUNTO , DESCRIPCION , GASTO , INGRESO )VALUES('2018-1-15' , 'Regalos' , 'Corcho y Celo' , 'Bazar' , 10.6 , 0.0   );
INSERT INTO FINANZAS_PERSONALES( FECHA , CLASIFICACION , ASUNTO , DESCRIPCION , GASTO , INGRESO )VALUES('2018-1-23' , 'Caprichos' , 'Humble Oferta Paradox' , 'Humble Oferta Paradox' , 10.18 , 0.0   );
INSERT INTO FINANZAS_PERSONALES( FECHA , CLASIFICACION , ASUNTO , DESCRIPCION , GASTO , INGRESO )VALUES('2018-1-29' , 'Gastos' , 'Compra Semanal ' , 'Mercadona' , 16.8 , 0.0   );
INSERT INTO FINANZAS_PERSONALES( FECHA , CLASIFICACION , ASUNTO , DESCRIPCION , GASTO , INGRESO )VALUES('2018-2-1' , 'Salario' , 'Pension' , 'Pension de David' , 0.0 , 250.0   );
INSERT INTO FINANZAS_PERSONALES( FECHA , CLASIFICACION , ASUNTO , DESCRIPCION , GASTO , INGRESO )VALUES('2018-2-1' , 'Vivienda' , 'Alquiler' , 'Piso de Alex Ye en Bilbao ' , 325.0 , 325.0   );
INSERT INTO FINANZAS_PERSONALES( FECHA , CLASIFICACION , ASUNTO , DESCRIPCION , GASTO , INGRESO )VALUES('2018-2-3' , 'Caprichos' , 'Bumble' , 'Humble Monthly Darck Soulds 3' , 10.01 , 0.0   );
INSERT INTO FINANZAS_PERSONALES( FECHA , CLASIFICACION , ASUNTO , DESCRIPCION , GASTO , INGRESO )VALUES('2018-2-8' , 'Gastos' , 'Compra Semanal ' , 'Erosky' , 17.86 , 0.0   );
INSERT INTO FINANZAS_PERSONALES( FECHA , CLASIFICACION , ASUNTO , DESCRIPCION , GASTO , INGRESO )VALUES('2018-2-11' , 'Transporte' , 'BonoMetro' , 'Recarga Barick' , 10.0 , 0.0   );
INSERT INTO FINANZAS_PERSONALES( FECHA , CLASIFICACION , ASUNTO , DESCRIPCION , GASTO , INGRESO )VALUES('2018-2-13' , 'Gastos' , 'Compra Semanal ' , 'Mercadona' , 17.89 , 0.0   );
INSERT INTO FINANZAS_PERSONALES( FECHA , CLASIFICACION , ASUNTO , DESCRIPCION , GASTO , INGRESO )VALUES('2018-2-16' , 'Caprichos' , 'Dungeon Siege Collection ' , 'Rebajas Steam' , 2.98 , 0.0   );
INSERT INTO FINANZAS_PERSONALES( FECHA , CLASIFICACION , ASUNTO , DESCRIPCION , GASTO , INGRESO )VALUES('2018-2-22' , 'Gastos' , 'Compra Semanal ' , 'Mercadona' , 25.35 , 0.0   );
INSERT INTO FINANZAS_PERSONALES( FECHA , CLASIFICACION , ASUNTO , DESCRIPCION , GASTO , INGRESO )VALUES('2018-3-1' , 'Salario' , 'Pension' , 'Pension de David' , 0.0 , 200.0   );
INSERT INTO FINANZAS_PERSONALES( FECHA , CLASIFICACION , ASUNTO , DESCRIPCION , GASTO , INGRESO )VALUES('2018-3-1' , 'Vivienda' , 'Alquiler' , 'Piso de Alex Ye en Bilbao ' , 325.0 , 325.0   );
INSERT INTO FINANZAS_PERSONALES( FECHA , CLASIFICACION , ASUNTO , DESCRIPCION , GASTO , INGRESO )VALUES('2018-3-1' , 'Gastos' , 'Reprografia' , 'Apuntes de Sistemas operativos' , 0.7 , 0.0   );
INSERT INTO FINANZAS_PERSONALES( FECHA , CLASIFICACION , ASUNTO , DESCRIPCION , GASTO , INGRESO )VALUES('2018-3-2' , 'Caprichos' , 'G2A' , 'Tempest TwoWords RebelGalaxi Dwelvers GodEater2' , 16.68 , 0.0   );
INSERT INTO FINANZAS_PERSONALES( FECHA , CLASIFICACION , ASUNTO , DESCRIPCION , GASTO , INGRESO )VALUES('2018-3-6' , 'Gastos' , 'Compra Semanal ' , 'Erosky' , 16.2 , 0.0   );
INSERT INTO FINANZAS_PERSONALES( FECHA , CLASIFICACION , ASUNTO , DESCRIPCION , GASTO , INGRESO )VALUES('2018-3-12' , 'Gastos' , 'Reprografia' , 'Apuntes de Investigaci—n' , 0.68 , 0.0   );
INSERT INTO FINANZAS_PERSONALES( FECHA , CLASIFICACION , ASUNTO , DESCRIPCION , GASTO , INGRESO )VALUES('2018-3-12' , 'Gastos' , 'Compra Semanal ' , 'Mercadona' , 24.47 , 0.0   );
INSERT INTO FINANZAS_PERSONALES( FECHA , CLASIFICACION , ASUNTO , DESCRIPCION , GASTO , INGRESO )VALUES('2018-3-13' , 'Regalos' , 'Camiseta Papa' , 'https://www.teezily.com/thank_you?id=O-Q0POR' , 26.8 , 0.0   );
INSERT INTO FINANZAS_PERSONALES( FECHA , CLASIFICACION , ASUNTO , DESCRIPCION , GASTO , INGRESO )VALUES('2018-3-20' , 'Gastos' , 'Compra Semanal ' , 'Eroski' , 21.47 , 0.0   );
INSERT INTO FINANZAS_PERSONALES( FECHA , CLASIFICACION , ASUNTO , DESCRIPCION , GASTO , INGRESO )VALUES('2018-3-25' , 'Caprichos' , 'G2A' , 'Star Wars Empire y Extras' , 8.91 , 0.0   );
INSERT INTO FINANZAS_PERSONALES( FECHA , CLASIFICACION , ASUNTO , DESCRIPCION , GASTO , INGRESO )VALUES('2018-3-26' , 'Gastos' , 'Compra Semanal ' , 'Mercadona' , 11.06 , 0.0   );
INSERT INTO FINANZAS_PERSONALES( FECHA , CLASIFICACION , ASUNTO , DESCRIPCION , GASTO , INGRESO )VALUES('2018-3-28' , 'Ocio' , 'Cafeteria Ingenieros' , 'Comida antes del viaje' , 7.25 , 0.0   );
INSERT INTO FINANZAS_PERSONALES( FECHA , CLASIFICACION , ASUNTO , DESCRIPCION , GASTO , INGRESO )VALUES('2018-3-28' , 'Transporte' , 'Renfe' , 'Valencia - Carcaixent' , 4.0 , 0.0   );
INSERT INTO FINANZAS_PERSONALES( FECHA , CLASIFICACION , ASUNTO , DESCRIPCION , GASTO , INGRESO )VALUES('2018-3-29' , 'Regalos' , 'Suplementos para el PC' , 'Cable HDMI' , 6.0 , 0.0   );
INSERT INTO FINANZAS_PERSONALES( FECHA , CLASIFICACION , ASUNTO , DESCRIPCION , GASTO , INGRESO )VALUES('2018-3-29' , 'Gastos' , 'Compra Semanal ' , 'Mas y Mas' , 14.21 , 0.0   );
INSERT INTO FINANZAS_PERSONALES( FECHA , CLASIFICACION , ASUNTO , DESCRIPCION , GASTO , INGRESO )VALUES('2018-3-30' , 'Ocio' , 'Comida/Cena' , 'Postre Crep' , 7.0 , 0.0   );
INSERT INTO FINANZAS_PERSONALES( FECHA , CLASIFICACION , ASUNTO , DESCRIPCION , GASTO , INGRESO )VALUES('2018-3-31' , 'Ocio' , 'Comida/Cena' , 'Pizza Venecia' , 5.0 , 0.0   );
INSERT INTO FINANZAS_PERSONALES( FECHA , CLASIFICACION , ASUNTO , DESCRIPCION , GASTO , INGRESO )VALUES('2018-4-1' , 'Salario' , 'Pension' , 'Pension de David' , 0.0 , 250.0   );
INSERT INTO FINANZAS_PERSONALES( FECHA , CLASIFICACION , ASUNTO , DESCRIPCION , GASTO , INGRESO )VALUES('2018-4-1' , 'Vivienda' , 'Alquiler' , 'Piso de Alex Ye en Bilbao ' , 325.0 , 325.0   );
INSERT INTO FINANZAS_PERSONALES( FECHA , CLASIFICACION , ASUNTO , DESCRIPCION , GASTO , INGRESO )VALUES('2018-4-1' , 'Transporte' , 'Bilmanbus' , 'Valencia - Bilbao' , 27.84 , 0.0   );
INSERT INTO FINANZAS_PERSONALES( FECHA , CLASIFICACION , ASUNTO , DESCRIPCION , GASTO , INGRESO )VALUES('2018-4-1' , 'Transporte' , 'BlaBla' , 'Bilbao - Valencia' , 35.0 , 0.0   );
INSERT INTO FINANZAS_PERSONALES( FECHA , CLASIFICACION , ASUNTO , DESCRIPCION , GASTO , INGRESO )VALUES('2018-4-4' , 'Gastos' , 'Peluqueria' , 'Peluqueria' , 10.0 , 10.0   );
INSERT INTO FINANZAS_PERSONALES( FECHA , CLASIFICACION , ASUNTO , DESCRIPCION , GASTO , INGRESO )VALUES('2018-4-5' , 'Salud' , 'Salud' , 'Vacuna menigitis' , 300.0 , 300.0   );
INSERT INTO FINANZAS_PERSONALES( FECHA , CLASIFICACION , ASUNTO , DESCRIPCION , GASTO , INGRESO )VALUES('2018-4-6' , 'Salud' , 'Salud' , 'Revisi—n Dentista' , 60.0 , 60.0   );
INSERT INTO FINANZAS_PERSONALES( FECHA , CLASIFICACION , ASUNTO , DESCRIPCION , GASTO , INGRESO )VALUES('2018-4-11' , 'Caprichos' , 'Humble Bumble' , 'Endless Space 1 Collection' , 1.0 , 0.0   );
INSERT INTO FINANZAS_PERSONALES( FECHA , CLASIFICACION , ASUNTO , DESCRIPCION , GASTO , INGRESO )VALUES('2018-4-12' , 'Gastos' , 'Compra Semanal ' , 'Mercadona' , 18.1 , 0.0   );
INSERT INTO FINANZAS_PERSONALES( FECHA , CLASIFICACION , ASUNTO , DESCRIPCION , GASTO , INGRESO )VALUES('2018-4-17' , 'Gastos' , 'Compra Semanal ' , 'Erosky' , 12.27 , 0.0   );
INSERT INTO FINANZAS_PERSONALES( FECHA , CLASIFICACION , ASUNTO , DESCRIPCION , GASTO , INGRESO )VALUES('2018-4-20' , 'Caprichos' , 'Instant Gaming' , 'Sstellaris - DLC Utopia' , 7.7 , 0.0   );
INSERT INTO FINANZAS_PERSONALES( FECHA , CLASIFICACION , ASUNTO , DESCRIPCION , GASTO , INGRESO )VALUES('2018-4-20' , 'Caprichos' , 'Instant Gaming' , 'Sstellaris - DLC Syntetic Dawn' , 6.49 , 0.0   );
INSERT INTO FINANZAS_PERSONALES( FECHA , CLASIFICACION , ASUNTO , DESCRIPCION , GASTO , INGRESO )VALUES('2018-4-20' , 'Caprichos' , 'Instant Gaming' , 'Sstellaris - DLC Apocalipse' , 12.95 , 0.0   );
INSERT INTO FINANZAS_PERSONALES( FECHA , CLASIFICACION , ASUNTO , DESCRIPCION , GASTO , INGRESO )VALUES('2018-4-20' , 'Caprichos' , 'Instant Gaming' , 'Sstellaris - DLC Lebiatans' , 4.99 , 0.0   );
INSERT INTO FINANZAS_PERSONALES( FECHA , CLASIFICACION , ASUNTO , DESCRIPCION , GASTO , INGRESO )VALUES('2018-4-22' , 'Transporte' , 'BonoMetro' , 'Recarga Barick' , 10.0 , 0.0   );
INSERT INTO FINANZAS_PERSONALES( FECHA , CLASIFICACION , ASUNTO , DESCRIPCION , GASTO , INGRESO )VALUES('2018-4-26' , 'Gastos' , 'Compra Semanal ' , 'Mercadona' , 19.37 , 0.0   );
INSERT INTO FINANZAS_PERSONALES( FECHA , CLASIFICACION , ASUNTO , DESCRIPCION , GASTO , INGRESO )VALUES('2018-5-1' , 'Salario' , 'Pension' , 'Pension de David' , 0.0 , 200.0   );
INSERT INTO FINANZAS_PERSONALES( FECHA , CLASIFICACION , ASUNTO , DESCRIPCION , GASTO , INGRESO )VALUES('2018-5-1' , 'Vivienda' , 'Alquiler' , 'Piso de Alex Ye en Bilbao ' , 325.0 , 325.0   );
INSERT INTO FINANZAS_PERSONALES( FECHA , CLASIFICACION , ASUNTO , DESCRIPCION , GASTO , INGRESO )VALUES('2018-5-5' , 'Regalos' , 'Cumplea–os' , 'Regalo de Mama' , 0.0 , 100.0   );
INSERT INTO FINANZAS_PERSONALES( FECHA , CLASIFICACION , ASUNTO , DESCRIPCION , GASTO , INGRESO )VALUES('2018-5-10' , 'Gastos' , 'Compra Semanal ' , 'Erosky' , 14.49 , 0.0   );
INSERT INTO FINANZAS_PERSONALES( FECHA , CLASIFICACION , ASUNTO , DESCRIPCION , GASTO , INGRESO )VALUES('2018-5-14' , 'Gastos' , 'Compra Semanal ' , 'Erosky' , 11.5 , 0.0   );
INSERT INTO FINANZAS_PERSONALES( FECHA , CLASIFICACION , ASUNTO , DESCRIPCION , GASTO , INGRESO )VALUES('2018-5-14' , 'Ocio' , 'Comida/Cena' , 'Montaditos' , 15.45 , 0.0   );
INSERT INTO FINANZAS_PERSONALES( FECHA , CLASIFICACION , ASUNTO , DESCRIPCION , GASTO , INGRESO )VALUES('2018-5-20' , 'Gastos' , 'Compra Semanal ' , 'Mercadona' , 15.7 , 0.0   );
INSERT INTO FINANZAS_PERSONALES( FECHA , CLASIFICACION , ASUNTO , DESCRIPCION , GASTO , INGRESO )VALUES('2018-5-26' , 'Caprichos' , 'Dead Island Collection' , 'Dead Island Collection' , 8.99 , 0.0   );
INSERT INTO FINANZAS_PERSONALES( FECHA , CLASIFICACION , ASUNTO , DESCRIPCION , GASTO , INGRESO )VALUES('2018-5-30' , 'Gastos' , 'Compra Semanal ' , 'IBM' , 5.34 , 0.0   );
INSERT INTO FINANZAS_PERSONALES( FECHA , CLASIFICACION , ASUNTO , DESCRIPCION , GASTO , INGRESO )VALUES('2018-6-1' , 'Salario' , 'Pension' , 'Pension de David' , 0.0 , 200.0   );
INSERT INTO FINANZAS_PERSONALES( FECHA , CLASIFICACION , ASUNTO , DESCRIPCION , GASTO , INGRESO )VALUES('2018-6-1' , 'Vivienda' , 'Alquiler' , 'Piso de Alex Ye en Bilbao ' , 325.0 , 325.0   );
INSERT INTO FINANZAS_PERSONALES( FECHA , CLASIFICACION , ASUNTO , DESCRIPCION , GASTO , INGRESO )VALUES('2018-6-1' , 'Caprichos' , 'Juegos de Steam' , 'Humble de junio con HIIV' , 10.67 , 0.0   );
INSERT INTO FINANZAS_PERSONALES( FECHA , CLASIFICACION , ASUNTO , DESCRIPCION , GASTO , INGRESO )VALUES('2018-6-5' , 'Transporte' , 'BonoMetro' , 'Recarga Barick' , 10.0 , 0.0   );
INSERT INTO FINANZAS_PERSONALES( FECHA , CLASIFICACION , ASUNTO , DESCRIPCION , GASTO , INGRESO )VALUES('2018-6-5' , 'Gastos' , 'Ropa' , 'Zapatos Deportivas Decatlon ' , 30.0 , 0.0   );
INSERT INTO FINANZAS_PERSONALES( FECHA , CLASIFICACION , ASUNTO , DESCRIPCION , GASTO , INGRESO )VALUES('2018-6-11' , 'Ocio' , 'comida/cena' , 'Cena Viaje Con sstella ' , 24.0 , 0.0   );
INSERT INTO FINANZAS_PERSONALES( FECHA , CLASIFICACION , ASUNTO , DESCRIPCION , GASTO , INGRESO )VALUES('2018-6-20' , 'Transporte' , 'Renfe' , 'Amara DonOsti' , 5.0 , 0.0   );
INSERT INTO FINANZAS_PERSONALES( FECHA , CLASIFICACION , ASUNTO , DESCRIPCION , GASTO , INGRESO )VALUES('2018-6-24' , 'Transporte' , 'BilmanBus' , 'Bilbao-Valencia' , 27.84 , 0.0   );
INSERT INTO FINANZAS_PERSONALES( FECHA , CLASIFICACION , ASUNTO , DESCRIPCION , GASTO , INGRESO )VALUES('2018-6-24' , 'Banco' , 'Cuota de mantenimiento' , 'Mantenimiento de trageta' , 8.4 , 0.0   );
INSERT INTO FINANZAS_PERSONALES( FECHA , CLASIFICACION , ASUNTO , DESCRIPCION , GASTO , INGRESO )VALUES('2018-6-29' , 'Salario' , 'Pension' , 'Pension de David' , 0.0 , 200.0   );
INSERT INTO FINANZAS_PERSONALES( FECHA , CLASIFICACION , ASUNTO , DESCRIPCION , GASTO , INGRESO )VALUES('2018-6-30' , 'Transporte' , 'BlaBla' , 'Valencia-Malaga' , 35.5 , 0.0   );
INSERT INTO FINANZAS_PERSONALES( FECHA , CLASIFICACION , ASUNTO , DESCRIPCION , GASTO , INGRESO )VALUES('2018-7-4' , 'Gastos' , 'Pobisiones del viaje' , 'Mercadona' , 4.45 , 0.0   );
INSERT INTO FINANZAS_PERSONALES( FECHA , CLASIFICACION , ASUNTO , DESCRIPCION , GASTO , INGRESO )VALUES('2018-7-4' , 'Transporte' , 'Renfe' , 'Carcaixent - Benifallo' , 2.1 , 0.0   );
INSERT INTO FINANZAS_PERSONALES( FECHA , CLASIFICACION , ASUNTO , DESCRIPCION , GASTO , INGRESO )VALUES('2018-7-4' , 'Gastos' , 'Ropa' , 'Ba–adores' , 24.4 , 24.4   );
INSERT INTO FINANZAS_PERSONALES( FECHA , CLASIFICACION , ASUNTO , DESCRIPCION , GASTO , INGRESO )VALUES('2018-7-10' , 'Gastos' , 'Carrefour' , 'Comida Sstella' , 17.78 , 0.0   );
INSERT INTO FINANZAS_PERSONALES( FECHA , CLASIFICACION , ASUNTO , DESCRIPCION , GASTO , INGRESO )VALUES('2018-7-11' , 'Gastos' , 'Moset' , 'Comida Sstella' , 21.0 , 30.0   );
INSERT INTO FINANZAS_PERSONALES( FECHA , CLASIFICACION , ASUNTO , DESCRIPCION , GASTO , INGRESO )VALUES('2018-7-12' , 'Transporte' , 'Renfe' , 'Carcaixent - Valencia - Carcaixent' , 5.9 , 0.0   );
INSERT INTO FINANZAS_PERSONALES( FECHA , CLASIFICACION , ASUNTO , DESCRIPCION , GASTO , INGRESO )VALUES('2018-7-24' , 'Salud' , 'Salud' , 'Vacuna menigitis' , 320.0 , 320.0   );
INSERT INTO FINANZAS_PERSONALES( FECHA , CLASIFICACION , ASUNTO , DESCRIPCION , GASTO , INGRESO )VALUES('2018-7-25' , 'Ocio' , 'comida/cena' , 'papa se fue y dejo para cenar ' , 0.0 , 10.0   );
INSERT INTO FINANZAS_PERSONALES( FECHA , CLASIFICACION , ASUNTO , DESCRIPCION , GASTO , INGRESO )VALUES('2018-7-25' , 'Ocio' , 'comida/cena' , 'la abuela nos da para las barcas' , 50.0 , 62.0   );
INSERT INTO FINANZAS_PERSONALES( FECHA , CLASIFICACION , ASUNTO , DESCRIPCION , GASTO , INGRESO )VALUES('2018-8-2' , 'Transporte' , 'Renfe' , 'Carcaixent - Valencia - Carcaixent' , 7.4 , 0.0   );
INSERT INTO FINANZAS_PERSONALES( FECHA , CLASIFICACION , ASUNTO , DESCRIPCION , GASTO , INGRESO )VALUES('2018-8-10' , 'Transporte' , 'BlaBla' , 'Valencia-Madrid' , 19.0 , 0.0   );
INSERT INTO FINANZAS_PERSONALES( FECHA , CLASIFICACION , ASUNTO , DESCRIPCION , GASTO , INGRESO )VALUES('2018-8-10' , 'Transporte' , 'Renfe' , 'Carcaixent - Valencia - Carcaixent' , 5.9 , 20.0   );
INSERT INTO FINANZAS_PERSONALES( FECHA , CLASIFICACION , ASUNTO , DESCRIPCION , GASTO , INGRESO )VALUES('2018-8-11' , 'Ocio' , 'Soft' , 'Cinta americana para el escudo' , 6.15 , 0.0   );
INSERT INTO FINANZAS_PERSONALES( FECHA , CLASIFICACION , ASUNTO , DESCRIPCION , GASTO , INGRESO )VALUES('2018-8-11' , 'Ocio' , 'Soft' , 'Cinta americana para el escudo' , 4.5 , 0.0   );
INSERT INTO FINANZAS_PERSONALES( FECHA , CLASIFICACION , ASUNTO , DESCRIPCION , GASTO , INGRESO )VALUES('2018-8-21' , 'Ocio' , 'Soft' , 'Cinta americana para el escudo' , 20.0 , 20.0   );
INSERT INTO FINANZAS_PERSONALES( FECHA , CLASIFICACION , ASUNTO , DESCRIPCION , GASTO , INGRESO )VALUES('2018-8-23' , 'Transporte' , 'Renfe' , 'Carcaixent - Valencia - Carcaixent' , 5.9 , 0.0   );
INSERT INTO FINANZAS_PERSONALES( FECHA , CLASIFICACION , ASUNTO , DESCRIPCION , GASTO , INGRESO )VALUES('2018-8-26' , 'Transporte' , 'Renfe' , 'Carcaixent - Valencia - Carcaixent' , 5.9 , 0.0   );
INSERT INTO FINANZAS_PERSONALES( FECHA , CLASIFICACION , ASUNTO , DESCRIPCION , GASTO , INGRESO )VALUES('2018-8-25' , 'Gastos' , 'Peluqueria ' , 'Corte de pelo' , 10.0 , 10.0   );
INSERT INTO FINANZAS_PERSONALES( FECHA , CLASIFICACION , ASUNTO , DESCRIPCION , GASTO , INGRESO )VALUES('2018-8-26' , 'Transporte' , 'Renfe' , 'Carcaixent - valencia' , 2.95 , 0.0   );
INSERT INTO FINANZAS_PERSONALES( FECHA , CLASIFICACION , ASUNTO , DESCRIPCION , GASTO , INGRESO )VALUES('2018-8-29' , 'Transporte' , 'BlaBla' , 'Madrid - Valencia ' , 18.0 , 0.0   );
INSERT INTO FINANZAS_PERSONALES( FECHA , CLASIFICACION , ASUNTO , DESCRIPCION , GASTO , INGRESO )VALUES('2018-8-29' , 'Compras' , 'Tiger' , 'Cargador movil' , 4.0 , 0.0   );
INSERT INTO FINANZAS_PERSONALES( FECHA , CLASIFICACION , ASUNTO , DESCRIPCION , GASTO , INGRESO )VALUES('2018-8-30' , 'Transporte' , 'Renfe' , 'Valencia - Carcaixent' , 2.95 , 0.0   );
INSERT INTO FINANZAS_PERSONALES( FECHA , CLASIFICACION , ASUNTO , DESCRIPCION , GASTO , INGRESO )VALUES('2018-9-1' , 'Salario' , 'Pension' , 'Pension de David' , 0.0 , 200.0   );
INSERT INTO FINANZAS_PERSONALES( FECHA , CLASIFICACION , ASUNTO , DESCRIPCION , GASTO , INGRESO )VALUES('2018-9-1' , 'Vivienda' , 'Alquiler' , 'Piso de Alex Ye en Bilbao ' , 325.0 , 325.0   );
INSERT INTO FINANZAS_PERSONALES( FECHA , CLASIFICACION , ASUNTO , DESCRIPCION , GASTO , INGRESO )VALUES('2018-9-4' , 'Transporte' , 'BlaBla' , 'Valencia-Bilbao' , 35.5 , 0.0   );
INSERT INTO FINANZAS_PERSONALES( FECHA , CLASIFICACION , ASUNTO , DESCRIPCION , GASTO , INGRESO )VALUES('2018-9-7' , 'Ocio' , 'Soft' , 'Cinta americana para el escudo' , 0.7 , 0.0   );
INSERT INTO FINANZAS_PERSONALES( FECHA , CLASIFICACION , ASUNTO , DESCRIPCION , GASTO , INGRESO )VALUES('2018-9-8' , 'Transporte' , 'Renfe' , 'Carcaixent - Valencia - Carcaixent' , 5.9 , 0.0   );
INSERT INTO FINANZAS_PERSONALES( FECHA , CLASIFICACION , ASUNTO , DESCRIPCION , GASTO , INGRESO )VALUES('2018-9-9' , 'Transporte' , 'BonoMetro' , 'Recarga Barik' , 10.0 , 0.0   );
INSERT INTO FINANZAS_PERSONALES( FECHA , CLASIFICACION , ASUNTO , DESCRIPCION , GASTO , INGRESO )VALUES('2018-9-11' , 'Gastos' , 'Compra Semanal ' , 'Mercadona' , 15.86 , 0.0   );
INSERT INTO FINANZAS_PERSONALES( FECHA , CLASIFICACION , ASUNTO , DESCRIPCION , GASTO , INGRESO )VALUES('2018-9-11' , 'Gastos' , 'Reprografia' , 'fotocopia del empadronamiento en color' , 0.5 , 0.0   );
INSERT INTO FINANZAS_PERSONALES( FECHA , CLASIFICACION , ASUNTO , DESCRIPCION , GASTO , INGRESO )VALUES('2018-9-18' , 'Gastos' , 'Compra Semanal ' , 'Eroski' , 18.29 , 0.0   );
INSERT INTO FINANZAS_PERSONALES( FECHA , CLASIFICACION , ASUNTO , DESCRIPCION , GASTO , INGRESO )VALUES('2018-9-19' , 'Estudios' , 'Matr’cula Universidad' , 'Primer plazo del tercer curso ' , 282.68 , 0.0   );
INSERT INTO FINANZAS_PERSONALES( FECHA , CLASIFICACION , ASUNTO , DESCRIPCION , GASTO , INGRESO )VALUES('2018-9-25' , 'Gastos' , 'Compra Semanal ' , 'Mercadona' , 19.21 , 0.0   );
INSERT INTO FINANZAS_PERSONALES( FECHA , CLASIFICACION , ASUNTO , DESCRIPCION , GASTO , INGRESO )VALUES('2018-10-1' , 'Salario' , 'Pension' , 'Pension de David' , 0.0 , 200.0   );
INSERT INTO FINANZAS_PERSONALES( FECHA , CLASIFICACION , ASUNTO , DESCRIPCION , GASTO , INGRESO )VALUES('2018-10-1' , 'Vivienda' , 'Alquiler' , 'Piso de Alex Ye en Bilbao ' , 325.0 , 325.0   );
INSERT INTO FINANZAS_PERSONALES( FECHA , CLASIFICACION , ASUNTO , DESCRIPCION , GASTO , INGRESO )VALUES('2018-10-2' , 'Gastos' , 'Compra Semanal ' , 'Erosky' , 18.29 , 0.0   );
INSERT INTO FINANZAS_PERSONALES( FECHA , CLASIFICACION , ASUNTO , DESCRIPCION , GASTO , INGRESO )VALUES('2018-10-5' , 'Caprichos' , 'G2A' , '7 days - To the Moon - Dungeon III' , 8.72 , 0.0   );
INSERT INTO FINANZAS_PERSONALES( FECHA , CLASIFICACION , ASUNTO , DESCRIPCION , GASTO , INGRESO )VALUES('2018-10-9' , 'Gastos' , 'Compra Semanal ' , 'Mercadona' , 18.12 , 0.0   );
INSERT INTO FINANZAS_PERSONALES( FECHA , CLASIFICACION , ASUNTO , DESCRIPCION , GASTO , INGRESO )VALUES('2018-10-14' , 'Transporte' , 'BonoMetro' , 'Recarga Barik' , 10.0 , 0.0   );
INSERT INTO FINANZAS_PERSONALES( FECHA , CLASIFICACION , ASUNTO , DESCRIPCION , GASTO , INGRESO )VALUES('2018-10-16' , 'Gastos' , 'Compra Semanal ' , 'Erosky' , 17.44 , 0.0   );
INSERT INTO FINANZAS_PERSONALES( FECHA , CLASIFICACION , ASUNTO , DESCRIPCION , GASTO , INGRESO )VALUES('2018-10-23' , 'Gastos' , 'Compra Semanal ' , 'Mercadona' , 18.42 , 0.0   );
INSERT INTO FINANZAS_PERSONALES( FECHA , CLASIFICACION , ASUNTO , DESCRIPCION , GASTO , INGRESO )VALUES('2018-10-23' , 'Caprichos' , 'Humble Bumble' , 'Batman - Scribblenauts - Middle Earth' , 0.9 , 0.0   );
INSERT INTO FINANZAS_PERSONALES( FECHA , CLASIFICACION , ASUNTO , DESCRIPCION , GASTO , INGRESO )VALUES('2018-10-27' , 'Ocio' , 'Server 7Days ASSX ' , 'Server 7Days ASSX ' , 2.5 , 0.0   );
INSERT INTO FINANZAS_PERSONALES( FECHA , CLASIFICACION , ASUNTO , DESCRIPCION , GASTO , INGRESO )VALUES('2018-11-1' , 'Salario' , 'Pension' , 'Pension de David' , 0.0 , 200.0   );
INSERT INTO FINANZAS_PERSONALES( FECHA , CLASIFICACION , ASUNTO , DESCRIPCION , GASTO , INGRESO )VALUES('2018-11-1' , 'Vivienda' , 'Alquiler' , 'Piso de Alex Ye en Bilbao ' , 325.0 , 325.0   );
INSERT INTO FINANZAS_PERSONALES( FECHA , CLASIFICACION , ASUNTO , DESCRIPCION , GASTO , INGRESO )VALUES('2018-11-2' , 'Gastos' , 'Compra Semanal ' , 'Erosky' , 17.89 , 0.0   );
INSERT INTO FINANZAS_PERSONALES( FECHA , CLASIFICACION , ASUNTO , DESCRIPCION , GASTO , INGRESO )VALUES('2018-11-6' , 'Gastos' , 'Compra Semanal ' , 'Mercadona' , 17.63 , 0.0   );
INSERT INTO FINANZAS_PERSONALES( FECHA , CLASIFICACION , ASUNTO , DESCRIPCION , GASTO , INGRESO )VALUES('2018-11-14' , 'Gastos' , 'Compra Semanal ' , 'Mercadona' , 6.52 , 0.0   );
INSERT INTO FINANZAS_PERSONALES( FECHA , CLASIFICACION , ASUNTO , DESCRIPCION , GASTO , INGRESO )VALUES('2018-11-20' , 'Gastos' , 'Compra Semanal ' , 'Mercadona' , 19.22 , 0.0   );
INSERT INTO FINANZAS_PERSONALES( FECHA , CLASIFICACION , ASUNTO , DESCRIPCION , GASTO , INGRESO )VALUES('2018-12-1' , 'Salario' , 'Pension' , 'Pension de David' , 0.0 , 250.0   );
INSERT INTO FINANZAS_PERSONALES( FECHA , CLASIFICACION , ASUNTO , DESCRIPCION , GASTO , INGRESO )VALUES('2018-12-1' , 'Vivienda' , 'Alquiler' , 'Piso de Alex Ye en Bilbao ' , 325.0 , 325.0   );
INSERT INTO FINANZAS_PERSONALES( FECHA , CLASIFICACION , ASUNTO , DESCRIPCION , GASTO , INGRESO )VALUES('2018-12-4' , 'Gastos' , 'Compra Semanal ' , 'Erosky' , 19.43 , 0.0   );
INSERT INTO FINANZAS_PERSONALES( FECHA , CLASIFICACION , ASUNTO , DESCRIPCION , GASTO , INGRESO )VALUES('2018-12-5' , 'Transporte' , 'Bilmanbus' , 'Valencia - Bilbao' , 27.84 , 0.0   );
INSERT INTO FINANZAS_PERSONALES( FECHA , CLASIFICACION , ASUNTO , DESCRIPCION , GASTO , INGRESO )VALUES('2018-12-5' , 'Regalos' , 'Wish ' , 'Tira led Regalo Sstella' , 31.15 , 0.0   );
INSERT INTO FINANZAS_PERSONALES( FECHA , CLASIFICACION , ASUNTO , DESCRIPCION , GASTO , INGRESO )VALUES('2018-12-5' , 'Ocio' , 'Server 7Days ASSX ' , 'Server 7Days ASSX ' , 2.45 , 0.0   );
INSERT INTO FINANZAS_PERSONALES( FECHA , CLASIFICACION , ASUNTO , DESCRIPCION , GASTO , INGRESO )VALUES('2018-12-6' , 'Caprichos' , 'IG' , 'Sstellaris Megacorp DLC' , 14.41 , 0.0   );
INSERT INTO FINANZAS_PERSONALES( FECHA , CLASIFICACION , ASUNTO , DESCRIPCION , GASTO , INGRESO )VALUES('2018-12-6' , 'Caprichos' , 'IG' , 'Sstellaris Distant Stars DLC' , 4.91 , 0.0   );
INSERT INTO FINANZAS_PERSONALES( FECHA , CLASIFICACION , ASUNTO , DESCRIPCION , GASTO , INGRESO )VALUES('2018-12-9' , 'Transporte' , 'BonoMetro' , 'Recarga Barik' , 10.0 , 0.0   );
INSERT INTO FINANZAS_PERSONALES( FECHA , CLASIFICACION , ASUNTO , DESCRIPCION , GASTO , INGRESO )VALUES('2018-12-11' , 'Gastos' , 'Compra Semanal ' , 'Mercadona ' , 17.42 , 0.0   );
INSERT INTO FINANZAS_PERSONALES( FECHA , CLASIFICACION , ASUNTO , DESCRIPCION , GASTO , INGRESO )VALUES('2018-12-19' , 'Estudios' , 'Matr’cula Universidad' , 'Primer plazo del tercer curso ' , 251.57 , 0.0   );
INSERT INTO FINANZAS_PERSONALES( FECHA , CLASIFICACION , ASUNTO , DESCRIPCION , GASTO , INGRESO )VALUES('2018-12-20' , 'Ocio' , 'Comida Piso Navidad' , 'Comida Piso Navidad' , 5.0 , 0.0   );
INSERT INTO FINANZAS_PERSONALES( FECHA , CLASIFICACION , ASUNTO , DESCRIPCION , GASTO , INGRESO )VALUES('2018-12-21' , 'Transporte' , 'Renfe' , 'Valencia - Carcaixent' , 3.7 , 0.0   );
INSERT INTO FINANZAS_PERSONALES( FECHA , CLASIFICACION , ASUNTO , DESCRIPCION , GASTO , INGRESO )VALUES('2018-12-22' , 'Gastos' , 'Peluqueria ' , 'Corte de pelo' , 10.0 , 10.0   );
INSERT INTO FINANZAS_PERSONALES( FECHA , CLASIFICACION , ASUNTO , DESCRIPCION , GASTO , INGRESO )VALUES('2018-12-23' , 'Regalos' , 'Estrenas papa' , 'Estrenas Papa' , 0.0 , 150.0   );
INSERT INTO FINANZAS_PERSONALES( FECHA , CLASIFICACION , ASUNTO , DESCRIPCION , GASTO , INGRESO )VALUES('2018-12-25' , 'Regalos' , 'Estrenas Mama' , 'Estrenas Mama' , 0.0 , 150.0   );
INSERT INTO FINANZAS_PERSONALES( FECHA , CLASIFICACION , ASUNTO , DESCRIPCION , GASTO , INGRESO )VALUES('2018-12-25' , 'Regalos' , 'Estrenas El Padrino Lluis' , 'Estrenas El Padrino Lluis' , 0.0 , 50.0   );
INSERT INTO FINANZAS_PERSONALES( FECHA , CLASIFICACION , ASUNTO , DESCRIPCION , GASTO , INGRESO )VALUES('2018-12-25' , 'Regalos' , 'Estrenas Abuela' , 'Estrenas Abuela' , 0.0 , 100.0   );
INSERT INTO FINANZAS_PERSONALES( FECHA , CLASIFICACION , ASUNTO , DESCRIPCION , GASTO , INGRESO )VALUES('2018-12-25' , 'Regalos' , 'Estrenas El t’o Pablo' , 'Estrenas El t’o Pablo' , 0.0 , 50.0   );
INSERT INTO FINANZAS_PERSONALES( FECHA , CLASIFICACION , ASUNTO , DESCRIPCION , GASTO , INGRESO )VALUES('2019-1-1' , 'Salario' , 'Pension' , 'Pension de David' , 0.0 , 200.0   );
INSERT INTO FINANZAS_PERSONALES( FECHA , CLASIFICACION , ASUNTO , DESCRIPCION , GASTO , INGRESO )VALUES('2019-1-1' , 'Vivienda' , 'Alquiler' , 'Piso de Alex Ye en Bilbao ' , 325.0 , 325.0   );
INSERT INTO FINANZAS_PERSONALES( FECHA , CLASIFICACION , ASUNTO , DESCRIPCION , GASTO , INGRESO )VALUES('2019-1-7' , 'Gastos' , 'Compra Semanal ' , 'Erosky' , 16.51 , 0.0   );
INSERT INTO FINANZAS_PERSONALES( FECHA , CLASIFICACION , ASUNTO , DESCRIPCION , GASTO , INGRESO )VALUES('2019-1-11' , 'Gastos' , 'Compra Semanal ' , 'Erosky' , 22.98 , 0.0   );
INSERT INTO FINANZAS_PERSONALES( FECHA , CLASIFICACION , ASUNTO , DESCRIPCION , GASTO , INGRESO )VALUES('2019-1-11' , 'Estudios' , 'Emprende Aprendiendo' , 'Curso de los 30 pasos del emprendedor' , 26.18 , 0.0   );
INSERT INTO FINANZAS_PERSONALES( FECHA , CLASIFICACION , ASUNTO , DESCRIPCION , GASTO , INGRESO )VALUES('2019-1-20' , 'Transporte' , 'BonoMetro' , 'Recarga Barik' , 10.0 , 0.0   );
INSERT INTO FINANZAS_PERSONALES( FECHA , CLASIFICACION , ASUNTO , DESCRIPCION , GASTO , INGRESO )VALUES('2019-1-21' , 'Gastos' , 'Compra Semanal ' , 'Erosky' , 18.83 , 0.0   );
INSERT INTO FINANZAS_PERSONALES( FECHA , CLASIFICACION , ASUNTO , DESCRIPCION , GASTO , INGRESO )VALUES('2019-1-22' , 'Gastos' , 'Compra Semanal ' , 'Erosky' , 4.32 , 0.0   );
INSERT INTO FINANZAS_PERSONALES( FECHA , CLASIFICACION , ASUNTO , DESCRIPCION , GASTO , INGRESO )VALUES('2019-1-23' , 'Ocio' , 'Bar Uni' , 'Bocadillo Bikingo' , 3.8 , 0.0   );
INSERT INTO FINANZAS_PERSONALES( FECHA , CLASIFICACION , ASUNTO , DESCRIPCION , GASTO , INGRESO )VALUES('2019-2-2' , 'Salario' , 'Pension' , 'Pension de David' , 0.0 , 200.0   );
INSERT INTO FINANZAS_PERSONALES( FECHA , CLASIFICACION , ASUNTO , DESCRIPCION , GASTO , INGRESO )VALUES('2019-2-2' , 'Vivienda' , 'Alquiler' , 'Piso de Alex Ye en Bilbao ' , 325.0 , 325.0   );
INSERT INTO FINANZAS_PERSONALES( FECHA , CLASIFICACION , ASUNTO , DESCRIPCION , GASTO , INGRESO )VALUES('2019-2-5' , 'Gastos' , 'Compra Semanal ' , 'Mercadona' , 22.81 , 0.0   );
INSERT INTO FINANZAS_PERSONALES( FECHA , CLASIFICACION , ASUNTO , DESCRIPCION , GASTO , INGRESO )VALUES('2019-2-6' , 'Ocio' , 'Bar Uni' , 'Bocadillo Jamaika' , 3.55 , 0.0   );
INSERT INTO FINANZAS_PERSONALES( FECHA , CLASIFICACION , ASUNTO , DESCRIPCION , GASTO , INGRESO )VALUES('2019-2-12' , 'Gastos' , 'Compra Semanal ' , 'Erosky' , 17.03 , 0.0   );
INSERT INTO FINANZAS_PERSONALES( FECHA , CLASIFICACION , ASUNTO , DESCRIPCION , GASTO , INGRESO )VALUES('2019-2-13' , 'Ocio' , 'Bar Uni' , 'Bocadillo Jamaika' , 3.55 , 0.0   );
INSERT INTO FINANZAS_PERSONALES( FECHA , CLASIFICACION , ASUNTO , DESCRIPCION , GASTO , INGRESO )VALUES('2019-2-18' , 'Transporte' , 'BonoMetro' , 'Recarga Barik' , 10.0 , 0.0   );
INSERT INTO FINANZAS_PERSONALES( FECHA , CLASIFICACION , ASUNTO , DESCRIPCION , GASTO , INGRESO )VALUES('2019-2-19' , 'Inversion' , 'DeGiro' , 'Confirmaci—n de cuenta bancaria' , 0.01 , 0.0   );
INSERT INTO FINANZAS_PERSONALES( FECHA , CLASIFICACION , ASUNTO , DESCRIPCION , GASTO , INGRESO )VALUES('2019-2-25' , 'Gastos' , 'Compra Semanal ' , 'Mercadona' , 17.99 , 0.0   );
INSERT INTO FINANZAS_PERSONALES( FECHA , CLASIFICACION , ASUNTO , DESCRIPCION , GASTO , INGRESO )VALUES('2019-2-28' , 'Ocio' , 'Bar Uni' , 'Bocadillo Jamaika' , 3.55 , 0.0   );
INSERT INTO FINANZAS_PERSONALES( FECHA , CLASIFICACION , ASUNTO , DESCRIPCION , GASTO , INGRESO )VALUES('2019-3-1' , 'Salario' , 'Pension' , 'Pension de David' , 0.0 , 200.0   );
INSERT INTO FINANZAS_PERSONALES( FECHA , CLASIFICACION , ASUNTO , DESCRIPCION , GASTO , INGRESO )VALUES('2019-3-1' , 'Vivienda' , 'Alquiler' , 'Piso de Alex Ye en Bilbao ' , 325.0 , 325.0   );
INSERT INTO FINANZAS_PERSONALES( FECHA , CLASIFICACION , ASUNTO , DESCRIPCION , GASTO , INGRESO )VALUES('2019-3-2' , 'Caprichos' , 'Humble Bumble' , 'Humble Montly Abril' , 8.21 , 0.0   );
INSERT INTO FINANZAS_PERSONALES( FECHA , CLASIFICACION , ASUNTO , DESCRIPCION , GASTO , INGRESO )VALUES('2019-3-6' , 'Gastos' , 'Compra Semanal ' , 'Erosky' , 15.87 , 0.0   );
INSERT INTO FINANZAS_PERSONALES( FECHA , CLASIFICACION , ASUNTO , DESCRIPCION , GASTO , INGRESO )VALUES('2019-3-6' , 'Viajes' , 'Convivencia familiar' , 'Viaje pascuas con amorcito la la la' , 90.0 , 0.0   );
INSERT INTO FINANZAS_PERSONALES( FECHA , CLASIFICACION , ASUNTO , DESCRIPCION , GASTO , INGRESO )VALUES('2019-3-20' , 'Ocio' , 'Bar Uni' , 'Bocadillo Jamaika' , 3.55 , 0.0   );
INSERT INTO FINANZAS_PERSONALES( FECHA , CLASIFICACION , ASUNTO , DESCRIPCION , GASTO , INGRESO )VALUES('2019-3-20' , 'Gastos' , 'Compra Semanal ' , 'Erosky' , 18.46 , 0.0   );
INSERT INTO FINANZAS_PERSONALES( FECHA , CLASIFICACION , ASUNTO , DESCRIPCION , GASTO , INGRESO )VALUES('2019-3-21' , 'Inversion' , 'ClickTrade' , 'Confirmaci—n de cuenta bancaria' , 0.01 , 0.0   );
INSERT INTO FINANZAS_PERSONALES( FECHA , CLASIFICACION , ASUNTO , DESCRIPCION , GASTO , INGRESO )VALUES('2019-3-25' , 'Transporte' , 'BonoMetro' , 'Recarga Barik' , 10.0 , 0.0   );
INSERT INTO FINANZAS_PERSONALES( FECHA , CLASIFICACION , ASUNTO , DESCRIPCION , GASTO , INGRESO )VALUES('2019-3-26' , 'Gastos' , 'Compra Semanal ' , 'Mercadona' , 19.18 , 0.0   );
INSERT INTO FINANZAS_PERSONALES( FECHA , CLASIFICACION , ASUNTO , DESCRIPCION , GASTO , INGRESO )VALUES('2019-4-1' , 'Salario' , 'Pension' , 'Pension de David' , 0.0 , 200.0   );
INSERT INTO FINANZAS_PERSONALES( FECHA , CLASIFICACION , ASUNTO , DESCRIPCION , GASTO , INGRESO )VALUES('2019-4-1' , 'Vivienda' , 'Alquiler' , 'Piso de Alex Ye en Bilbao ' , 325.0 , 325.0   );
INSERT INTO FINANZAS_PERSONALES( FECHA , CLASIFICACION , ASUNTO , DESCRIPCION , GASTO , INGRESO )VALUES('2019-4-2' , 'Gastos' , 'Compra Semanal ' , 'Mercadona' , 19.71 , 0.0   );
INSERT INTO FINANZAS_PERSONALES( FECHA , CLASIFICACION , ASUNTO , DESCRIPCION , GASTO , INGRESO )VALUES('2019-4-15' , 'Gastos' , 'Compra Semanal ' , 'Erosky' , 8.4 , 0.0   );
INSERT INTO FINANZAS_PERSONALES( FECHA , CLASIFICACION , ASUNTO , DESCRIPCION , GASTO , INGRESO )VALUES('2019-4-23' , 'Transporte' , 'Bilmanbus' , 'Valencia - Bilbao' , 28.3 , 0.0   );
INSERT INTO FINANZAS_PERSONALES( FECHA , CLASIFICACION , ASUNTO , DESCRIPCION , GASTO , INGRESO )VALUES('2019-4-24' , 'Gastos' , 'Peluqueria ' , 'Corte de pelo' , 10.0 , 0.0   );
INSERT INTO FINANZAS_PERSONALES( FECHA , CLASIFICACION , ASUNTO , DESCRIPCION , GASTO , INGRESO )VALUES('2019-4-24' , 'Gastos' , 'Panaderia' , 'Pan' , 0.6 , 0.0   );
INSERT INTO FINANZAS_PERSONALES( FECHA , CLASIFICACION , ASUNTO , DESCRIPCION , GASTO , INGRESO )VALUES('2019-4-25' , 'Gastos' , 'Compra Semanal ' , 'mas y m‡s' , 10.61 , 0.0   );
INSERT INTO FINANZAS_PERSONALES( FECHA , CLASIFICACION , ASUNTO , DESCRIPCION , GASTO , INGRESO )VALUES('2019-4-26' , 'Ocio' , 'Cena Sstella' , '2 menœs de chivitos' , 10.0 , 0.0   );
INSERT INTO FINANZAS_PERSONALES( FECHA , CLASIFICACION , ASUNTO , DESCRIPCION , GASTO , INGRESO )VALUES('2019-4-27' , 'Caprichos' , 'Mojang' , 'Minecraft premium' , 23.95 , 0.0   );
INSERT INTO FINANZAS_PERSONALES( FECHA , CLASIFICACION , ASUNTO , DESCRIPCION , GASTO , INGRESO )VALUES('2019-4-30' , 'Gastos' , 'Compra Semanal ' , 'Mercadona' , 19.2 , 0.0   );
INSERT INTO FINANZAS_PERSONALES( FECHA , CLASIFICACION , ASUNTO , DESCRIPCION , GASTO , INGRESO )VALUES('2019-5-1' , 'Salario' , 'Pension' , 'Pension de David' , 0.0 , 200.0   );
INSERT INTO FINANZAS_PERSONALES( FECHA , CLASIFICACION , ASUNTO , DESCRIPCION , GASTO , INGRESO )VALUES('2019-5-1' , 'Vivienda' , 'Alquiler' , 'Piso de Alex Ye en Bilbao ' , 325.0 , 325.0   );
INSERT INTO FINANZAS_PERSONALES( FECHA , CLASIFICACION , ASUNTO , DESCRIPCION , GASTO , INGRESO )VALUES('2019-5-5' , 'Regalos' , 'Regalo cumple Lluis' , 'Regalo cumple Lluis' , 0.0 , 50.0   );
INSERT INTO FINANZAS_PERSONALES( FECHA , CLASIFICACION , ASUNTO , DESCRIPCION , GASTO , INGRESO )VALUES('2019-5-5' , 'Regalos' , 'Regalo cumple Mama' , 'Regalo cumple Mama' , 0.0 , 100.0   );
INSERT INTO FINANZAS_PERSONALES( FECHA , CLASIFICACION , ASUNTO , DESCRIPCION , GASTO , INGRESO )VALUES('2019-5-9' , 'Regalos' , 'Regalo cumple Sstella' , 'Pack Juegos de mesa' , 194.14 , 0.0   );
INSERT INTO FINANZAS_PERSONALES( FECHA , CLASIFICACION , ASUNTO , DESCRIPCION , GASTO , INGRESO )VALUES('2019-5-15' , 'Transporte' , 'Bilmanbus' , ' Bilbao - Valencia - Bilbao' , 70.76 , 10.0   );
INSERT INTO FINANZAS_PERSONALES( FECHA , CLASIFICACION , ASUNTO , DESCRIPCION , GASTO , INGRESO )VALUES('2019-5-21' , 'Transporte' , 'Renfe Cercanias' , 'Valencia - Carcaixent ' , 4.2 , 0.0   );
INSERT INTO FINANZAS_PERSONALES( FECHA , CLASIFICACION , ASUNTO , DESCRIPCION , GASTO , INGRESO )VALUES('2019-6-1' , 'Salario' , 'Pension' , 'Pension de David' , 0.0 , 200.0   );
INSERT INTO FINANZAS_PERSONALES( FECHA , CLASIFICACION , ASUNTO , DESCRIPCION , GASTO , INGRESO )VALUES('2019-6-5' , 'Caprichos' , 'Steam' , 'Borderlands 2 Pack con 57 DLCs ' , 3.23 , 0.0   );
INSERT INTO FINANZAS_PERSONALES( FECHA , CLASIFICACION , ASUNTO , DESCRIPCION , GASTO , INGRESO )VALUES('2019-6-6' , 'Vivienda' , 'Alquiler' , 'Piso de Alex Ye en Bilbao ' , 162.5 , 162.5   );
INSERT INTO FINANZAS_PERSONALES( FECHA , CLASIFICACION , ASUNTO , DESCRIPCION , GASTO , INGRESO )VALUES('2019-6-14' , 'Transporte' , 'Gasolina' , 'Gasolinera Barreiros viaje sstella ' , 30.0 , 0.0   );
INSERT INTO FINANZAS_PERSONALES( FECHA , CLASIFICACION , ASUNTO , DESCRIPCION , GASTO , INGRESO )VALUES('2019-6-14' , 'Gastos' , 'Google Drive ONE' , 'Google Drive ONE' , 19.99 , 0.0   );
INSERT INTO FINANZAS_PERSONALES( FECHA , CLASIFICACION , ASUNTO , DESCRIPCION , GASTO , INGRESO )VALUES('2019-6-15' , 'Transporte' , 'Gasolina' , 'Gasolinera Carrefour Valle Real ' , 46.0 , 0.0   );
INSERT INTO FINANZAS_PERSONALES( FECHA , CLASIFICACION , ASUNTO , DESCRIPCION , GASTO , INGRESO )VALUES('2019-6-18' , 'Transporte' , 'Bilmanbus' , ' Bilbao - Valencia' , 35.38 , 0.0   );
INSERT INTO FINANZAS_PERSONALES( FECHA , CLASIFICACION , ASUNTO , DESCRIPCION , GASTO , INGRESO )VALUES('2019-6-20' , 'Transporte' , 'BonoMetro' , 'Recarga Barik' , 10.0 , 0.0   );
INSERT INTO FINANZAS_PERSONALES( FECHA , CLASIFICACION , ASUNTO , DESCRIPCION , GASTO , INGRESO )VALUES('2019-6-25' , 'Transporte' , 'Renfe Cercanias' , 'Valencia - Carcaixent' , 4.2 , 0.0   );
INSERT INTO FINANZAS_PERSONALES( FECHA , CLASIFICACION , ASUNTO , DESCRIPCION , GASTO , INGRESO )VALUES('2019-7-1' , 'Salario' , 'Pension' , 'Pension de David' , 0.0 , 200.0   );
INSERT INTO FINANZAS_PERSONALES( FECHA , CLASIFICACION , ASUNTO , DESCRIPCION , GASTO , INGRESO )VALUES('2019-7-1' , 'Transporte' , 'Renfe Cercanias' , 'Carcaixent - Valencia' , 3.7 , 0.0   );
INSERT INTO FINANZAS_PERSONALES( FECHA , CLASIFICACION , ASUNTO , DESCRIPCION , GASTO , INGRESO )VALUES('2019-7-1' , 'Transporte' , 'Bonometro Valencia' , 'Recarga Bonometro' , 7.6 , 0.0   );
INSERT INTO FINANZAS_PERSONALES( FECHA , CLASIFICACION , ASUNTO , DESCRIPCION , GASTO , INGRESO )VALUES('2019-7-1' , 'Ocio' , 'Almuerzo Trabajo' , 'Botella de agua ' , 1.0 , 0.0   );
INSERT INTO FINANZAS_PERSONALES( FECHA , CLASIFICACION , ASUNTO , DESCRIPCION , GASTO , INGRESO )VALUES('2019-7-1' , 'Transporte' , 'Renfe Cercanias' , 'Valencia - Carcaixent' , 3.7 , 0.0   );
INSERT INTO FINANZAS_PERSONALES( FECHA , CLASIFICACION , ASUNTO , DESCRIPCION , GASTO , INGRESO )VALUES('2019-7-2' , 'Transporte' , 'Renfe Cercanias' , 'Carcaixent - Valencia - Carcaixent' , 7.4 , 0.0   );
INSERT INTO FINANZAS_PERSONALES( FECHA , CLASIFICACION , ASUNTO , DESCRIPCION , GASTO , INGRESO )VALUES('2019-7-3' , 'Transporte' , 'Renfe Cercanias' , 'Carcaixent - Valencia Abono Mensual' , 81.15 , 0.0   );
INSERT INTO FINANZAS_PERSONALES( FECHA , CLASIFICACION , ASUNTO , DESCRIPCION , GASTO , INGRESO )VALUES('2019-7-6' , 'Ocio' , 'DreamHack Valencia ' , 'Entrada para festival de videojuegos valencia ' , 15.75 , 0.0   );
INSERT INTO FINANZAS_PERSONALES( FECHA , CLASIFICACION , ASUNTO , DESCRIPCION , GASTO , INGRESO )VALUES('2019-7-6' , 'Caprichos' , 'Humble Bumble' , 'Humble Montly Julio KindomCome' , 9.23 , 0.0   );
INSERT INTO FINANZAS_PERSONALES( FECHA , CLASIFICACION , ASUNTO , DESCRIPCION , GASTO , INGRESO )VALUES('2019-7-9' , 'Transporte' , 'Bonometro Valencia' , 'Recarga Bonometro' , 7.6 , 0.0   );
INSERT INTO FINANZAS_PERSONALES( FECHA , CLASIFICACION , ASUNTO , DESCRIPCION , GASTO , INGRESO )VALUES('2019-7-17' , 'Transporte' , 'Bonometro Valencia' , 'Recarga Bonometro' , 7.6 , 0.0   );
INSERT INTO FINANZAS_PERSONALES( FECHA , CLASIFICACION , ASUNTO , DESCRIPCION , GASTO , INGRESO )VALUES('2019-7-25' , 'Transporte' , 'Bonometro Valencia' , 'Recarga Bonometro' , 7.6 , 0.0   );
INSERT INTO FINANZAS_PERSONALES( FECHA , CLASIFICACION , ASUNTO , DESCRIPCION , GASTO , INGRESO )VALUES('2019-7-26' , 'Gastos' , 'Peluqueria ' , 'Corte de pelo' , 10.0 , 10.0   );
INSERT INTO FINANZAS_PERSONALES( FECHA , CLASIFICACION , ASUNTO , DESCRIPCION , GASTO , INGRESO )VALUES('2019-7-30' , 'Salud' , 'Dentista' , 'Revision anual Dentista ' , 60.0 , 60.0   );
INSERT INTO FINANZAS_PERSONALES( FECHA , CLASIFICACION , ASUNTO , DESCRIPCION , GASTO , INGRESO )VALUES('2019-8-1' , 'Salario' , 'Pension' , 'Pension de David' , 0.0 , 200.0   );
INSERT INTO FINANZAS_PERSONALES( FECHA , CLASIFICACION , ASUNTO , DESCRIPCION , GASTO , INGRESO )VALUES('2019-8-1' , 'Salario' , 'Nomina' , 'Abono de Nomina Informance ' , 0.0 , 622.96   );
INSERT INTO FINANZAS_PERSONALES( FECHA , CLASIFICACION , ASUNTO , DESCRIPCION , GASTO , INGRESO )VALUES('2019-8-5' , 'Transporte' , 'Renfe Cercanias' , 'Carcaixent - Valencia Abono Mensual' , 81.15 , 0.0   );
INSERT INTO FINANZAS_PERSONALES( FECHA , CLASIFICACION , ASUNTO , DESCRIPCION , GASTO , INGRESO )VALUES('2019-8-5' , 'Transporte' , 'Bonometro Valencia' , 'Recarga Bonometro' , 7.6 , 0.0   );
INSERT INTO FINANZAS_PERSONALES( FECHA , CLASIFICACION , ASUNTO , DESCRIPCION , GASTO , INGRESO )VALUES('2019-8-13' , 'Transporte' , 'Bonometro Valencia' , 'Recarga Bonometro' , 7.6 , 0.0   );
INSERT INTO FINANZAS_PERSONALES( FECHA , CLASIFICACION , ASUNTO , DESCRIPCION , GASTO , INGRESO )VALUES('2019-8-22' , 'Transporte' , 'Bonometro Valencia' , 'Recarga Bonometro' , 7.6 , 0.0   );
INSERT INTO FINANZAS_PERSONALES( FECHA , CLASIFICACION , ASUNTO , DESCRIPCION , GASTO , INGRESO )VALUES('2019-8-30' , 'Salario' , 'Finiquito' , 'Finiquito contrato pr‡cticas de Informance ' , 0.0 , 44.81   );
INSERT INTO FINANZAS_PERSONALES( FECHA , CLASIFICACION , ASUNTO , DESCRIPCION , GASTO , INGRESO )VALUES('2019-8-31' , 'Estudios' , 'Udemy' , 'El peque–o curso de la inversi—n paciente y racional' , 9.49 , 0.0   );
INSERT INTO FINANZAS_PERSONALES( FECHA , CLASIFICACION , ASUNTO , DESCRIPCION , GASTO , INGRESO )VALUES('2019-8-31' , 'Transporte' , 'Bilmanbus' , ' Valencia - Bilbao' , 35.38 , 0.0   );
INSERT INTO FINANZAS_PERSONALES( FECHA , CLASIFICACION , ASUNTO , DESCRIPCION , GASTO , INGRESO )VALUES('2019-9-1' , 'Salario' , 'Pension' , 'Pension de David' , 0.0 , 200.0   );
INSERT INTO FINANZAS_PERSONALES( FECHA , CLASIFICACION , ASUNTO , DESCRIPCION , GASTO , INGRESO )VALUES('2019-9-1' , 'Vivienda' , 'Alquiler' , 'Piso de Alex Ye en Bilbao ' , 325.0 , 325.0   );
INSERT INTO FINANZAS_PERSONALES( FECHA , CLASIFICACION , ASUNTO , DESCRIPCION , GASTO , INGRESO )VALUES('2019-9-1' , 'Salario' , 'Nomina' , 'Abono de N—mina Informance ' , 0.0 , 624.3   );
INSERT INTO FINANZAS_PERSONALES( FECHA , CLASIFICACION , ASUNTO , DESCRIPCION , GASTO , INGRESO )VALUES('2019-9-7' , 'Gastos' , 'Compra Semanal ' , 'Erosky' , 36.23 , 0.0   );
INSERT INTO FINANZAS_PERSONALES( FECHA , CLASIFICACION , ASUNTO , DESCRIPCION , GASTO , INGRESO )VALUES('2019-9-9' , 'Gastos' , 'Reprografia' , 'Papeleo del contrato de Indexa Capital' , 0.27 , 0.0   );
INSERT INTO FINANZAS_PERSONALES( FECHA , CLASIFICACION , ASUNTO , DESCRIPCION , GASTO , INGRESO )VALUES('2019-9-16' , 'Gastos' , 'BarUni' , 'Bocadillo Jamaica' , 3.7 , 0.0   );
INSERT INTO FINANZAS_PERSONALES( FECHA , CLASIFICACION , ASUNTO , DESCRIPCION , GASTO , INGRESO )VALUES('2019-9-18' , 'Estudios' , 'Matricula Universidad' , 'Matricula 4 curso ingenieria informatica ' , 1219.98 , 0.0   );
INSERT INTO FINANZAS_PERSONALES( FECHA , CLASIFICACION , ASUNTO , DESCRIPCION , GASTO , INGRESO )VALUES('2019-9-18' , 'Inversion' , 'Indexa Capital / Inversis Banco' , 'Apertura de cuenta Indexada ' , 1000.0 , 0.0   );
INSERT INTO FINANZAS_PERSONALES( FECHA , CLASIFICACION , ASUNTO , DESCRIPCION , GASTO , INGRESO )VALUES('2019-9-18' , 'Gastos' , 'Compra Semanal ' , 'Mercadona ' , 17.76 , 0.0   );
INSERT INTO FINANZAS_PERSONALES( FECHA , CLASIFICACION , ASUNTO , DESCRIPCION , GASTO , INGRESO )VALUES('2019-9-26' , 'Gastos' , 'Compra Semanal ' , 'Erosky' , 4.2 , 0.0   );
INSERT INTO FINANZAS_PERSONALES( FECHA , CLASIFICACION , ASUNTO , DESCRIPCION , GASTO , INGRESO )VALUES('2019-9-28' , 'Salario' , 'Pension' , 'Pension de David' , 0.0 , 200.0   );
INSERT INTO FINANZAS_PERSONALES( FECHA , CLASIFICACION , ASUNTO , DESCRIPCION , GASTO , INGRESO )VALUES('2019-9-28' , 'Vivienda' , 'Alquiler' , 'Piso de Alex Ye en Bilbao ' , 325.0 , 325.0   );
INSERT INTO FINANZAS_PERSONALES( FECHA , CLASIFICACION , ASUNTO , DESCRIPCION , GASTO , INGRESO )VALUES('2019-9-29' , 'Transporte' , 'BonoMetro' , 'Recarga Barik' , 10.0 , 0.0   );
INSERT INTO FINANZAS_PERSONALES( FECHA , CLASIFICACION , ASUNTO , DESCRIPCION , GASTO , INGRESO )VALUES('2019-10-1' , 'Gastos' , 'Reprografia' , 'Poster para SAD 2' , 0.75 , 0.0   );
INSERT INTO FINANZAS_PERSONALES( FECHA , CLASIFICACION , ASUNTO , DESCRIPCION , GASTO , INGRESO )VALUES('2019-10-1' , 'Gastos' , 'BarUni' , 'Bocadillo Jamaica' , 3.7 , 0.0   );
INSERT INTO FINANZAS_PERSONALES( FECHA , CLASIFICACION , ASUNTO , DESCRIPCION , GASTO , INGRESO )VALUES('2019-10-7' , 'Gastos' , 'Compra Semanal ' , 'Mercadona ' , 74.12 , 0.0   );
INSERT INTO FINANZAS_PERSONALES( FECHA , CLASIFICACION , ASUNTO , DESCRIPCION , GASTO , INGRESO )VALUES('2019-10-7' , 'Caprichos' , 'Compra Semanal ' , 'LolaMarket' , 4.9 , 0.0   );
INSERT INTO FINANZAS_PERSONALES( FECHA , CLASIFICACION , ASUNTO , DESCRIPCION , GASTO , INGRESO )VALUES('2019-10-11' , 'Ocio' , 'BarUni' , 'Bocadillo Jamaica' , 3.7 , 0.0   );
INSERT INTO FINANZAS_PERSONALES( FECHA , CLASIFICACION , ASUNTO , DESCRIPCION , GASTO , INGRESO )VALUES('2019-10-15' , 'Gastos' , 'Mercadona ' , 'Ensalada CŽsar ' , 1.99 , 0.0   );
INSERT INTO FINANZAS_PERSONALES( FECHA , CLASIFICACION , ASUNTO , DESCRIPCION , GASTO , INGRESO )VALUES('2019-10-22' , 'Gastos' , 'Mercadona ' , 'Espaguetis ' , 1.65 , 0.0   );
INSERT INTO FINANZAS_PERSONALES( FECHA , CLASIFICACION , ASUNTO , DESCRIPCION , GASTO , INGRESO )VALUES('2019-10-29' , 'Gastos' , 'Mercadona ' , 'Espaguetis ' , 1.65 , 0.0   );
INSERT INTO FINANZAS_PERSONALES( FECHA , CLASIFICACION , ASUNTO , DESCRIPCION , GASTO , INGRESO )VALUES('2019-11-1' , 'Salario' , 'Pension' , 'Pension de David' , 0.0 , 200.0   );
INSERT INTO FINANZAS_PERSONALES( FECHA , CLASIFICACION , ASUNTO , DESCRIPCION , GASTO , INGRESO )VALUES('2019-11-1' , 'Vivienda' , 'Alquiler' , 'Piso de Alex Ye en Bilbao ' , 325.0 , 325.0   );
INSERT INTO FINANZAS_PERSONALES( FECHA , CLASIFICACION , ASUNTO , DESCRIPCION , GASTO , INGRESO )VALUES('2019-11-4' , 'Transporte' , 'BonoMetro' , 'Recarga Barik' , 10.0 , 0.0   );
INSERT INTO FINANZAS_PERSONALES( FECHA , CLASIFICACION , ASUNTO , DESCRIPCION , GASTO , INGRESO )VALUES('2019-11-8' , 'Gastos' , 'Compra Semanal ' , 'Mercadona ' , 95.93 , 0.0   );
INSERT INTO FINANZAS_PERSONALES( FECHA , CLASIFICACION , ASUNTO , DESCRIPCION , GASTO , INGRESO )VALUES('2019-11-8' , 'Caprichos' , 'Compra Semanal ' , 'LolaMarket' , 4.9 , 0.0   );
INSERT INTO FINANZAS_PERSONALES( FECHA , CLASIFICACION , ASUNTO , DESCRIPCION , GASTO , INGRESO )VALUES('2019-11-13' , 'Transporte' , 'Bilmanbus' , ' Bilbao - Valencia - Bilbao' , 70.76 , 0.0   );
INSERT INTO FINANZAS_PERSONALES( FECHA , CLASIFICACION , ASUNTO , DESCRIPCION , GASTO , INGRESO )VALUES('2019-11-27' , 'Caprichos' , 'Steam' , 'Empyrion Galactic Survival ' , 9.99 , 0.0   );
INSERT INTO FINANZAS_PERSONALES( FECHA , CLASIFICACION , ASUNTO , DESCRIPCION , GASTO , INGRESO )VALUES('2019-12-1' , 'Salario' , 'Pension' , 'Pension de David' , 0.0 , 200.0   );
INSERT INTO FINANZAS_PERSONALES( FECHA , CLASIFICACION , ASUNTO , DESCRIPCION , GASTO , INGRESO )VALUES('2019-12-1' , 'Vivienda' , 'Alquiler' , 'Piso de Alex Ye en Bilbao ' , 325.0 , 325.0   );
INSERT INTO FINANZAS_PERSONALES( FECHA , CLASIFICACION , ASUNTO , DESCRIPCION , GASTO , INGRESO )VALUES('2019-12-3' , 'Gastos' , 'Mercadona ' , 'Espaguetis ' , 3.4 , 0.0   );
INSERT INTO FINANZAS_PERSONALES( FECHA , CLASIFICACION , ASUNTO , DESCRIPCION , GASTO , INGRESO )VALUES('2019-12-3' , 'Caprichos' , 'G2A' , 'Ancestros Legacy y XCOM complete ' , 7.07 , 0.0   );
INSERT INTO FINANZAS_PERSONALES( FECHA , CLASIFICACION , ASUNTO , DESCRIPCION , GASTO , INGRESO )VALUES('2019-12-3' , 'Gastos' , 'Mercadona ' , 'Compra semanal ' , 18.66 , 0.0   );
INSERT INTO FINANZAS_PERSONALES( FECHA , CLASIFICACION , ASUNTO , DESCRIPCION , GASTO , INGRESO )VALUES('2019-12-24' , 'Transporte' , 'Renfe Cercanias' , 'Valencia - Carcaixent' , 3.7 , 0.0   );
INSERT INTO FINANZAS_PERSONALES( FECHA , CLASIFICACION , ASUNTO , DESCRIPCION , GASTO , INGRESO )VALUES('2019-12-24' , 'Regalos' , 'Estrenas' , 'Estrenas Mama' , 0.0 , 200.0   );
INSERT INTO FINANZAS_PERSONALES( FECHA , CLASIFICACION , ASUNTO , DESCRIPCION , GASTO , INGRESO )VALUES('2019-12-24' , 'Regalos' , 'Estrenas' , 'Estrenas Llu’s padrino ' , 0.0 , 100.0   );
INSERT INTO FINANZAS_PERSONALES( FECHA , CLASIFICACION , ASUNTO , DESCRIPCION , GASTO , INGRESO )VALUES('2019-12-25' , 'Regalos' , 'Estrenas' , 'Estrenas Abuela Ana' , 0.0 , 150.0   );
INSERT INTO FINANZAS_PERSONALES( FECHA , CLASIFICACION , ASUNTO , DESCRIPCION , GASTO , INGRESO )VALUES('2019-12-25' , 'Regalos' , 'Estrenas' , 'Estrenas Papa' , 0.0 , 100.0   );
INSERT INTO FINANZAS_PERSONALES( FECHA , CLASIFICACION , ASUNTO , DESCRIPCION , GASTO , INGRESO )VALUES('2019-12-26' , 'Gastos' , 'Peluqueria ' , 'Corte de pelo' , 10.0 , 10.0   );
INSERT INTO FINANZAS_PERSONALES( FECHA , CLASIFICACION , ASUNTO , DESCRIPCION , GASTO , INGRESO )VALUES('2020-1-1' , 'Salario' , 'Pension' , 'Pension de David' , 0.0 , 200.0   );
INSERT INTO FINANZAS_PERSONALES( FECHA , CLASIFICACION , ASUNTO , DESCRIPCION , GASTO , INGRESO )VALUES('2020-1-1' , 'Vivienda' , 'Alquiler' , 'Piso de Alex Ye en Bilbao ' , 325.0 , 325.0   );
INSERT INTO FINANZAS_PERSONALES( FECHA , CLASIFICACION , ASUNTO , DESCRIPCION , GASTO , INGRESO )VALUES('2020-1-2' , 'Transporte' , 'BonoMetro' , 'Recarga Barik' , 10.0 , 0.0   );
INSERT INTO FINANZAS_PERSONALES( FECHA , CLASIFICACION , ASUNTO , DESCRIPCION , GASTO , INGRESO )VALUES('2020-1-2' , 'Inversion' , 'Indexa Capital / Inversis Banco' , 'Estrenas de Navidad' , 750.0 , 0.0   );
INSERT INTO FINANZAS_PERSONALES( FECHA , CLASIFICACION , ASUNTO , DESCRIPCION , GASTO , INGRESO )VALUES('2020-1-2' , 'Gastos' , 'Compra Mensual' , 'Mercadona' , 86.37 , 0.0   );
INSERT INTO FINANZAS_PERSONALES( FECHA , CLASIFICACION , ASUNTO , DESCRIPCION , GASTO , INGRESO )VALUES('2020-1-7' , 'Regalos' , 'Estrenas' , 'Estrenas Tio Pablo' , 0.0 , 50.0   );
INSERT INTO FINANZAS_PERSONALES( FECHA , CLASIFICACION , ASUNTO , DESCRIPCION , GASTO , INGRESO )VALUES('2020-1-20' , 'Ocio' , 'Minecraft' , 'Server de minecraft 2020' , 1.6 , 0.0   );
INSERT INTO FINANZAS_PERSONALES( FECHA , CLASIFICACION , ASUNTO , DESCRIPCION , GASTO , INGRESO )VALUES('2020-2-2' , 'Salario' , 'Pension' , 'Pension de David' , 0.0 , 200.0   );
INSERT INTO FINANZAS_PERSONALES( FECHA , CLASIFICACION , ASUNTO , DESCRIPCION , GASTO , INGRESO )VALUES('2020-2-2' , 'Vivienda' , 'Alquiler' , 'Piso de Alex Ye en Bilbao ' , 325.0 , 325.0   );
INSERT INTO FINANZAS_PERSONALES( FECHA , CLASIFICACION , ASUNTO , DESCRIPCION , GASTO , INGRESO )VALUES('2020-2-5' , 'Gastos' , 'Compra Mensual' , 'Mercadona ' , 63.96 , 0.0   );
INSERT INTO FINANZAS_PERSONALES( FECHA , CLASIFICACION , ASUNTO , DESCRIPCION , GASTO , INGRESO )VALUES('2020-2-5' , 'Caprichos' , 'Compra Mensual' , 'LolaMarket' , 7.1 , 0.0   );
INSERT INTO FINANZAS_PERSONALES( FECHA , CLASIFICACION , ASUNTO , DESCRIPCION , GASTO , INGRESO )VALUES('2020-2-14' , 'Gastos' , 'Compra Mensual' , 'Mercadona ' , 52.52 , 0.0   );
INSERT INTO FINANZAS_PERSONALES( FECHA , CLASIFICACION , ASUNTO , DESCRIPCION , GASTO , INGRESO )VALUES('2020-2-14' , 'Ocio' , 'Comida con Sstella' , 'Mercadona ' , 10.0 , 0.0   );
INSERT INTO FINANZAS_PERSONALES( FECHA , CLASIFICACION , ASUNTO , DESCRIPCION , GASTO , INGRESO )VALUES('2020-2-24' , 'Transporte' , 'BonoMetro' , 'Recarga Barik' , 10.0 , 0.0   );
INSERT INTO FINANZAS_PERSONALES( FECHA , CLASIFICACION , ASUNTO , DESCRIPCION , GASTO , INGRESO )VALUES('2020-3-3' , 'Salario' , 'Pension' , 'Pension de David' , 0.0 , 200.0   );
INSERT INTO FINANZAS_PERSONALES( FECHA , CLASIFICACION , ASUNTO , DESCRIPCION , GASTO , INGRESO )VALUES('2020-3-3' , 'Vivienda' , 'Alquiler' , 'Piso de Alex Ye en Bilbao ' , 325.0 , 325.0   );
INSERT INTO FINANZAS_PERSONALES( FECHA , CLASIFICACION , ASUNTO , DESCRIPCION , GASTO , INGRESO )VALUES('2020-3-17' , 'Inversion' , 'DeGiro Stichting / ABN AMRO BANK' , 'Aprovechar rebajas y probar Degiro' , 400.0 , 0.0   );
INSERT INTO FINANZAS_PERSONALES( FECHA , CLASIFICACION , ASUNTO , DESCRIPCION , GASTO , INGRESO )VALUES('2020-3-17' , 'Caprichos' , 'Instant Gaming' , 'Stellaris DLCs Federations y Ancient Relics' , 22.64 , 0.0   );
INSERT INTO FINANZAS_PERSONALES( FECHA , CLASIFICACION , ASUNTO , DESCRIPCION , GASTO , INGRESO )VALUES('2020-3-22' , 'Caprichos' , 'Compra Mensual' , 'LolaMarket' , 3.9 , 0.0   );
INSERT INTO FINANZAS_PERSONALES( FECHA , CLASIFICACION , ASUNTO , DESCRIPCION , GASTO , INGRESO )VALUES('2020-3-22' , 'Gastos' , 'Compra Mensual' , 'LolaMarket' , 52.73 , 0.0   );
INSERT INTO FINANZAS_PERSONALES( FECHA , CLASIFICACION , ASUNTO , DESCRIPCION , GASTO , INGRESO )VALUES('2020-4-1' , 'Salario' , 'Pension' , 'Pension de David' , 0.0 , 200.0   );
INSERT INTO FINANZAS_PERSONALES( FECHA , CLASIFICACION , ASUNTO , DESCRIPCION , GASTO , INGRESO )VALUES('2020-4-1' , 'Vivienda' , 'Alquiler' , 'Piso de Alex Ye en Bilbao ' , 325.0 , 325.0   );
INSERT INTO FINANZAS_PERSONALES( FECHA , CLASIFICACION , ASUNTO , DESCRIPCION , GASTO , INGRESO )VALUES('2020-4-22' , 'Gastos' , 'Compra mensual' , 'LolaMarket - Mercadona' , 95.96 , 0.0   );
INSERT INTO FINANZAS_PERSONALES( FECHA , CLASIFICACION , ASUNTO , DESCRIPCION , GASTO , INGRESO )VALUES('2020-4-22' , 'Caprichos' , 'Compra mensual' , 'LolaMarket - Mercadona' , 5.0 , 0.0   );
INSERT INTO FINANZAS_PERSONALES( FECHA , CLASIFICACION , ASUNTO , DESCRIPCION , GASTO , INGRESO )VALUES('2020-4-22' , 'Facturas' , 'Luz' , 'Piso de Alex Ye en Bilbao ' , 20.0 , 0.0   );
INSERT INTO FINANZAS_PERSONALES( FECHA , CLASIFICACION , ASUNTO , DESCRIPCION , GASTO , INGRESO )VALUES('2020-4-28' , 'Caprichos' , 'Instant Gaming' , 'Stellaris DLC Lilitoids' , 5.95 , 0.0   );
INSERT INTO FINANZAS_PERSONALES( FECHA , CLASIFICACION , ASUNTO , DESCRIPCION , GASTO , INGRESO )VALUES('2020-5-1' , 'Salario' , 'Pension' , 'Pension de David' , 0.0 , 200.0   );
INSERT INTO FINANZAS_PERSONALES( FECHA , CLASIFICACION , ASUNTO , DESCRIPCION , GASTO , INGRESO )VALUES('2020-5-1' , 'Vivienda' , 'Alquiler' , 'Piso de Alex Ye en Bilbao ' , 325.0 , 325.0   );
INSERT INTO FINANZAS_PERSONALES( FECHA , CLASIFICACION , ASUNTO , DESCRIPCION , GASTO , INGRESO )VALUES('2020-5-1' , 'Caprichos' , 'Huble Montly' , 'XCom 2 - Jurasic World - Ryse of Industry' , 14.27 , 0.0   );
INSERT INTO FINANZAS_PERSONALES( FECHA , CLASIFICACION , ASUNTO , DESCRIPCION , GASTO , INGRESO )VALUES('2020-5-5' , 'Regalos' , 'Regalo Cumple mama' , 'Regalo de cumple mama' , 100.0 , 0.0   );
INSERT INTO FINANZAS_PERSONALES( FECHA , CLASIFICACION , ASUNTO , DESCRIPCION , GASTO , INGRESO )VALUES('2020-5-30' , 'Caprichos' , 'Microsoft OneDrive' , 'Suscripci—n Anual a OneDrive 1T y Oficce' , 69.0 , 0.0   );
INSERT INTO FINANZAS_PERSONALES( FECHA , CLASIFICACION , ASUNTO , DESCRIPCION , GASTO , INGRESO )VALUES('2020-6-1' , 'Salario' , 'Pension' , 'Pension de David' , 0.0 , 200.0   );
INSERT INTO FINANZAS_PERSONALES( FECHA , CLASIFICACION , ASUNTO , DESCRIPCION , GASTO , INGRESO )VALUES('2020-6-4' , 'Gastos' , 'Peluqueria ' , 'Corte de pelo' , 8.0 , 0.0   );
INSERT INTO FINANZAS_PERSONALES( FECHA , CLASIFICACION , ASUNTO , DESCRIPCION , GASTO , INGRESO )VALUES('2020-6-4' , 'Transporte' , 'BonoMetro' , 'Recarga Barik' , 5.0 , 0.0   );
INSERT INTO FINANZAS_PERSONALES( FECHA , CLASIFICACION , ASUNTO , DESCRIPCION , GASTO , INGRESO )VALUES('2020-6-11' , 'Transporte' , 'BonoMetro' , 'Recarga Barik' , 5.0 , 0.0   );
INSERT INTO FINANZAS_PERSONALES( FECHA , CLASIFICACION , ASUNTO , DESCRIPCION , GASTO , INGRESO )VALUES('2020-6-12' , 'Ocio' , 'Eroski ' , 'Fiesta Fin de a–o Piso Alex' , 5.67 , 0.0   );
INSERT INTO FINANZAS_PERSONALES( FECHA , CLASIFICACION , ASUNTO , DESCRIPCION , GASTO , INGRESO )VALUES('2020-6-12' , 'Ocio' , 'Telepizza' , 'Fiesta Fin de a–o Piso Alex' , 11.0 , 0.0   );
INSERT INTO FINANZAS_PERSONALES( FECHA , CLASIFICACION , ASUNTO , DESCRIPCION , GASTO , INGRESO )VALUES('2020-6-17' , 'Banco' , 'Bankia' , 'Cargo cuota anual de targeta' , 8.4 , 0.0   );
INSERT INTO FINANZAS_PERSONALES( FECHA , CLASIFICACION , ASUNTO , DESCRIPCION , GASTO , INGRESO )VALUES('2020-6-17' , 'Transporte' , 'Bilmanbus' , ' Bilbao - Valencia' , 35.38 , 0.0   );
INSERT INTO FINANZAS_PERSONALES( FECHA , CLASIFICACION , ASUNTO , DESCRIPCION , GASTO , INGRESO )VALUES('2020-6-18' , 'Gastos' , 'Reprografia' , 'Sello e impresi—n del contrato pr‡cticas ' , 0.65 , 0.0   );
INSERT INTO FINANZAS_PERSONALES( FECHA , CLASIFICACION , ASUNTO , DESCRIPCION , GASTO , INGRESO )VALUES('2020-6-12' , 'Ocio' , 'Kebap' , 'Fiesta Fin de a–o Piso Sstella' , 17.0 , 0.0   );
INSERT INTO FINANZAS_PERSONALES( FECHA , CLASIFICACION , ASUNTO , DESCRIPCION , GASTO , INGRESO )VALUES('2020-6-28' , 'Inversion' , 'ClickTrade' , 'Probar la aplicacion esta vez enserio' , 550.0 , 0.0   );
